E1,E2 (A),E2 (B),E2 (C),E2 (D),E3,E4,E5 (A),E5 (B),E6 (A),E6 (B),E7,E8,E9,E10,E11
0,100,48.27586207,0,0,0,78.94736842,100,0,100,100,100,71.42857143,100,50,100
0,100,0,53.84615385,54.80769231,0,100,60,0,100,75,83.33333333,0,50,100,100
34.31372549,100,0,0,64.63414634,74.32432432,69.73684211,47.82608696,0,100,100,100,60,100,100,100
0,100,0,0,56.25,62.02531646,100,100,0,100,100,100,0,100,100,100
0,100,0,0,0,32.18390805,100,100,0,100,83.33333333,100,0,100,100,100
16.47058824,100,0,0,61.33333333,75,100,0,0,100,100,100,60,100,100,100
0,100,0,0,0,0,55.05617978,100,60,100,50,0,60,100,100,100
0,100,0,97.43589744,0,0,100,0,20.56074766,100,79.7752809,0,0,100,100,100
0,100,0,46.49122807,50,0,100,37.5,3.883495146,100,100,0,87.5,100,100,100
0,100,0,0,0,16.66666667,100,20.73170732,87.5,100,100,80,87.5,66.66666667,100,100
45.45454545,100,26.13636364,0,0,74.35897436,100,100,75,100,100,100,60,100,100,100
0,100,0,33,60,21.50537634,60,100,30.6122449,100,60,100,66.66666667,100,100,100
0,100,0,0,52.04081633,0,100,100,0,100,100,100,60,100,100,100
0,100,73.4939759,0,0,61.81818182,100,100,26.43678161,100,100,100,0,100,100,100
0,100,0,0,76,0,100,100,15.17857143,100,100,100,66.66666667,100,100,100
0,100,5,0,43.63636364,0,66.66666667,100,0,100,100,0,0,95.45454545,100,100
98.58156028,100,0,13.88888889,0,0,100,100,60,100,100,100,66.66666667,75,100,100
0,100,79.16666667,0,60,4.424778761,100,100,85.71428571,100,50,0,85.71428571,100,100,100
0,100,0,0,47.72727273,0,26.04166667,100,0,100,25,0,100,100,100,100
0,100,0,0,0,0,49.13793103,50,25,100,100,87.5,0,100,100,100
0,100,0,55.26315789,0,0,100,100,0,100,100,0,66.66666667,100,100,100
34.56790123,100,0,0,0,0,100,66.66666667,0,100,69.09090909,100,75,0,100,100
95,100,34.73684211,0,96,0,36.98630137,100,0,100,73.4939759,85.71428571,0,83.33333333,100,100
0,100,0,42.30769231,0,7.142857143,47.82608696,100,9.708737864,100,46.23655914,0,87.5,100,100,100
84,100,0,87.27272727,73.52941176,90.47619048,100,50,0,100,100,100,87.5,83.33333333,100,100
0,100,0,62.5,0,17.33333333,46.80851064,100,49.46236559,100,50.60240964,0,71.42857143,100,100,100
0,100,62.96296296,0,85.71428571,64.9122807,100,66.66666667,0,100,100,100,60,100,100,100
49.13793103,100,55.29411765,0,0,0,69.51219512,50.89285714,2.884615385,100,32.87671233,100,0,87.5,100,100
0,100,0,50,51.80722892,0,100,0,91.66666667,100,0,0,66.66666667,0,100,100
0,100,0,78.72340426,0,0,50,100,83.11688312,100,100,100,75,0,100,100
0,100,0,0,0,71.42857143,100,100,0,100,100,100,60,83.33333333,100,100
0,100,0,0,25,0,100,100,58.24175824,100,71.55172414,100,0,0,100,100
0,100,0,0,26.92307692,50,100,100,0,100,100,100,71.42857143,0,100,100
0,100,0,95.45454545,78.26086957,0,100,0,0,100,100,100,0,0,100,100
36.08247423,100,0,0,19.31818182,0,100,100,36.66666667,100,100,100,100,100,100,100
0,100,73.73737374,75,87.5,94.11764706,100,100,34.72222222,100,100,100,0,100,100,100
0,100,62.5,0,0,24.13793103,100,100,0,100,100,100,100,100,100,100
0,100,0,0,41.96428571,87.5,100,0,26.60550459,100,100,100,60,83.33333333,100,100
60,100,34.65346535,0,14.28571429,0,100,0,0,100,100,100,87.5,100,100,100
70.51282051,100,87.5,36.36363636,0,0,100,100,0,100,100,80,85.71428571,0,100,100
50,100,21.05263158,0,0,40,100,78.125,22.60869565,100,100,100,85.71428571,100,0,100
0,100,0,0,62.5,0,66.66666667,33.76623377,40,100,66.66666667,85.71428571,83.33333333,0,50,100
0,100,83.33333333,0,0,0,100,100,44.44444444,100,100,0,60,75,100,100
0,100,0,20,0,0,61.8556701,57.40740741,0,100,100,100,71.42857143,87.5,0,100
0,100,0,100,0,0,100,0,77.5862069,100,100,100,100,100,100,100
0,100,73.03370787,0,0,0,0,100,65,100,100,0,0,100,100,100
0,100,0,76.34408602,0,0,62.76595745,100,0,100,36.36363636,100,0,87.5,100,100
0,100,0,0,0,0,100,100,0,100,100,100,66.66666667,0,100,100
69.76744186,100,0,97.43589744,37.34939759,73.58490566,100,100,0,100,100,100,50,0,100,100
0,100,0,0,75,28.125,100,0,0,100,50,100,71.42857143,80,100,100
0,100,0,0,0,87.5,100,100,0,100,100,0,71.42857143,0,100,100
67.30769231,100,0,61.40350877,87.5,0,100,100,52.27272727,100,100,100,75,100,100,100
0,100,0,0,0,0,100,0,62.96296296,100,100,0,66.66666667,100,100,100
69.82758621,100,0,75.53191489,0,31.42857143,46.78899083,100,97.05882353,100,100,80,71.42857143,83.33333333,0,100
59.82142857,100,0,0,82.9787234,66.07142857,82.22222222,100,71.42857143,100,100,0,100,0,100,100
3.409090909,100,0,0,0,0,63.63636364,7.894736842,55.55555556,100,100,85.71428571,100,100,100,100
46.60194175,100,0,0,0,71.875,54.54545455,25.64102564,0,100,25.71428571,100,60,87.5,0,100
31.3253012,100,20,0,75,0,50,28.31858407,0,100,77.47747748,97.05882353,0,85.71428571,100,100
0,100,37.5,94.17475728,63.15789474,0,0,86.31578947,32.75862069,100,57.33333333,100,60,80,50,100
0,100,97.14285714,64.86486486,0,0,100,100,57.77777778,100,31.68316832,80,60,66.66666667,100,100
0,100,0,0,0,0,65,100,0,100,100,85.71428571,0,100,50,100
62.10526316,100,0,86.36363636,0,0,66.66666667,28.57142857,0,100,100,100,75,100,50,100
87.5,100,87.5,84.21052632,0,38.04347826,53.33333333,100,12.5,100,0,80,71.42857143,85.71428571,100,100
24.13793103,100,65.74074074,0,0,0,100,100,38.7755102,100,100,100,85.71428571,0,100,100
0,100,0,0,0,15.65217391,74.31192661,0,0,100,14.44444444,80,60,85.71428571,100,100
0,100,0,0,0,85.71428571,100,100,59.09090909,100,100,100,0,75,100,100
77.5,100,0,0,0,0,100,0,0,100,100,100,85.71428571,80,100,100
0,100,0,0,14.86486486,0,100,100,71.42857143,100,100,75,60,0,100,100
0,100,50,0,0,0,100,100,0,100,100,85.71428571,0,0,50,100
76.08695652,100,0,0,45.54455446,4.081632653,43.95604396,100,77.41935484,100,47.77777778,83.33333333,100,100,100,100
0,100,0,0,61.03896104,33.33333333,100,100,25,100,100,100,50,100,100,100
51.31578947,100,0,0,42.57425743,0,100,100,71.15384615,100,22.12389381,100,0,100,50,100
0,100,83.33333333,0,0,38.1443299,100,100,65.71428571,100,100,100,100,100,100,100
0,100,0,0,0,0,100,100,9.708737864,100,100,100,0,100,100,100
72.72727273,100,0,0,0,57.40740741,100,66.66666667,67.64705882,100,0,100,60,100,100,100
11.11111111,100,0,0,0,0,25,100,0,100,47.61904762,100,66.66666667,75,100,100
66.66666667,100,0,0,0,0,66.66666667,32.65306122,50.43478261,100,100,85.71428571,0,85.71428571,100,100
50,100,0,7.5,66.66666667,0,61.81818182,41.96428571,0,100,79.61165049,60,0,83.33333333,100,100
33.33333333,100,0,0,20.2247191,0,100,100,0,100,66.66666667,0,0,100,100,100
0,100,0,87.5,46.15384615,30.43478261,40,100,0,100,56.84210526,0,0,100,100,100
0,100,55.10204082,0,0,0,66.66666667,82.22222222,60,100,50,100,0,100,100,100
0,100,0,0,0,39.28571429,100,100,0,100,100,87.5,66.66666667,66.66666667,100,100
0,100,0,60,0,0,100,50.63291139,87.35632184,100,100,83.33333333,60,100,100,100
0,100,0,0,19.19191919,85.71428571,25.22522523,45.71428571,0,100,50,100,66.66666667,100,100,100
5.172413793,100,53.44827586,6.086956522,0,0,66.66666667,100,0,100,100,80,87.5,100,100,100
85.71428571,100,36.20689655,36.7816092,0,62.39316239,68.68686869,60,71.62162162,100,50,100,50,0,100,100
0,100,71.02803738,0,0,67.08860759,100,0,66.66666667,100,59.13043478,100,0,100,100,100
0,100,64,71.42857143,75.30864198,66.01941748,100,0,0,100,100,100,83.33333333,100,100,100
0,100,0,0,60.86956522,0,100,100,24.13793103,100,100,100,0,100,100,100
0,100,42.85714286,51.51515152,0,65.13761468,50,48,92.85714286,100,70,100,0,0,100,100
91.66666667,100,0,87.5,80.6122449,0,57.30337079,52.94117647,57.14285714,100,32.67326733,83.33333333,60,66.66666667,100,100
0,100,84.3373494,0,0,77.17391304,100,0,24.77876106,100,41.59292035,100,0,100,100,100
0,100,0,0,0,0,100,100,11.11111111,100,100,75,60,0,100,100
0,100,97.36842105,0,0,0,100,100,0,100,0,100,0,0,100,100
0,100,53.84615385,12.5,0,0,100,100,0,100,100,0,0,100,100,100
0,100,0,0,0,0,100,40.77669903,0,100,60,0,0,100,100,100
0,100,39.09090909,0,83.33333333,39.77272727,100,100,53.7037037,100,100,100,60,100,100,100
0,100,0,0,28.57142857,0,100,100,27.52293578,100,100,100,0,0,100,100
42.85714286,100,0,0,0,0,100,100,0,100,50,100,85.71428571,100,100,100
33.33333333,100,0,16,0,37.07865169,100,100,0,100,100,100,60,100,100,100
56.89655172,100,28.86597938,94.11764706,0,0,66.66666667,71.27659574,60,100,66.66666667,85.71428571,87.5,75,100,100
0,100,0,0,53.04347826,0,100,66.66666667,76.19047619,100,100,100,0,100,100,100
0,100,0,0,0,0,100,100,0,100,100,75,0,100,100,100
0,100,67.39130435,81.81818182,89.47368421,14.28571429,14.03508772,66.66666667,0,100,100,100,71.42857143,100,100,100
0,100,88.29787234,0,0,0,100,100,65.13761468,100,100,100,0,0,100,100
0,100,0,73.17073171,25.3164557,52.67857143,100,100,0,100,100,0,0,80,100,100
87.5,100,0,37.62376238,0,0,100,50,84.61538462,100,100,0,0,100,100,100
0,100,75,0,0,60,100,100,0,100,71.42857143,100,87.5,100,0,100
0,100,0,32.65306122,0,2.830188679,100,100,0,100,0,100,80,100,100,100
0,100,0,38.73873874,11.40350877,37.34939759,100,100,71.17117117,100,100,100,60,100,100,100
0,100,0,4.807692308,0,87.5,100,70,0,100,62.33766234,100,0,100,0,100
0,100,0,0,0,77.64705882,100,100,0,100,100,80,100,100,100,100
54.54545455,100,0,78.20512821,0,69.04761905,100,100,0,100,50,100,60,0,100,100
0,100,30.10752688,0,0,0,100,100,0,100,100,100,60,100,100,100
0,100,0,0,0,75,100,78.76106195,0,100,59.13043478,100,0,100,100,100
86.60714286,100,15.29411765,75,0,0,75,20.90909091,0,100,66.66666667,0,60,100,100,100
0,100,0,65.04854369,0,0,100,100,0,100,100,80,60,100,100,100
69.76744186,100,0,45.16129032,46.06741573,90.90909091,100,42.85714286,95,100,100,0,87.5,100,100,100
0,100,0,92.30769231,16.66666667,0,100,66.66666667,0,100,100,100,0,71.2962963,100,100
0,100,0,54.05405405,0,0,28.57142857,100,0,100,100,100,0,100,100,100
0,100,4.385964912,0,17.27272727,0,100,100,57.14285714,100,100,100,100,80,100,100
0,100,0,0,0,34.52380952,66.66666667,47.78761062,0,100,100,80,60,0,100,100
0,100,59.79381443,0,0,0,100,51.64835165,94.87179487,100,100,93.33333333,0,100,100,100
59.25925926,100,78.37837838,0,42.45283019,3.370786517,100,27.35042735,0,100,64.36781609,83.33333333,60,85.71428571,100,100
0,100,0,0,0,0,53.33333333,16.66666667,19.17808219,100,100,100,0,83.33333333,100,100
66.66666667,100,0,87.5,87.5,26.26262626,70,100,85.71428571,100,100,83.33333333,50,0,100,100
0,100,94.44444444,0,0,88.88888889,60,74.35897436,0,100,71.27659574,100,71.42857143,100,100,100
0,100,75.29411765,0,0,94.44444444,100,100,0,100,100,75,75,100,100,100
54.21686747,100,46.875,0,0,28.57142857,100,100,0,100,100,100,87.5,100,100,100
0,100,24.7311828,75,0,75,100,0,0,100,100,100,60,100,100,100
0,100,10.28037383,0,0,48.03921569,100,0,0,100,0,100,60,0,100,100
25,100,0,0,0,0,100,66.66666667,11.60714286,100,66.66666667,100,0,100,100,100
0,100,0,0,5.555555556,0,50,76.76767677,0,100,66.98113208,85.71428571,60,0,100,100
54.63917526,100,0,67.61904762,0,0,39.42307692,100,0,100,7.594936709,100,0,100,100,100
0,100,0,0,0,0,66.66666667,100,0,100,73.14814815,87.5,60,100,100,100
0,100,44.44444444,57.14285714,12.34567901,0,100,100,0,100,100,100,100,0,100,100
0,100,0,0,0,36.20689655,70.21276596,100,0,100,71.42857143,100,0,100,0,100
61.32075472,100,0,0,0,0,59.7826087,61.16504854,0,100,27.19298246,80,60,66.66666667,100,100
36.95652174,100,0,0,0,20,56.41025641,31.68316832,68.88888889,100,64.36781609,100,60,0,100,100
0,100,0,0,73.58490566,52.08333333,100,0,0,100,100,0,71.42857143,100,100,100
0,100,10.38961039,0,0,0,63.2183908,34.54545455,10.20408163,100,100,66.66666667,0,100,100,100
0,100,0,79.48717949,95.45454545,81.1965812,100,0,36.70886076,100,100,100,60,0,100,100
0,100,13.48314607,97.36842105,0,0,86.40776699,100,0,100,50,100,0,80,100,100
0,100,0,0,62.06896552,0,0,100,0,100,100,0,0,100,100,100
0,100,91.66666667,0,81.55339806,79.78723404,100,100,0,100,100,100,0,100,100,100
0,100,0,0,0,0,100,100,36.48648649,100,100,100,66.66666667,100,100,100
0,100,0,0,30.85106383,0,71.42857143,55.84415584,0,100,100,85.71428571,100,100,100,100
0,100,77.27272727,53.60824742,0,0,66.66666667,100,87.5,100,100,100,0,100,100,100
64.64646465,100,0,0,0,0,100,100,43.90243902,100,100,100,0,100,100,100
20,100,0,0,0,0,100,100,0,100,100,100,0,100,100,100
44.23076923,100,0,47.42268041,0,0,100,100,0,100,100,0,60,100,100,100
0,100,0,0,73.95833333,0,58.62068966,100,0,100,78,100,66.66666667,100,66.66666667,100
58.97435897,100,0,0,0,0,100,100,0,100,100,100,66.66666667,100,100,100
0,100,93.10344828,0,37.38317757,0,100,100,77.52808989,100,100,100,60,100,100,100
0,100,0,0,9,0,100,100,0,100,0,0,87.5,100,100,100
0,100,0,74.44444444,49.36708861,0,100,42.85714286,0,100,100,100,60,100,100,100
0,100,55.35714286,0,0,0,100,28.57142857,85.71428571,100,68.93203883,100,60,100,100,100
0,100,0,4.347826087,0,0,100,100,0,100,100,100,87.5,0,100,100
75,100,0,0,4.587155963,0,100,100,61.64383562,100,60,66.66666667,0,100,100,100
0,100,0,97.2972973,0,0,100,100,0,100,100,100,80,100,100,100
55,100,0,71.42857143,77.38095238,0,100,100,14.73684211,100,100,100,0,83.33333333,100,100
0,100,0,20,20,0,79.16666667,45.04504505,87.5,100,15.78947368,0,100,0,100,100
0,100,0,23.14814815,61.72839506,0,0,100,86.04651163,100,0,83.33333333,60,100,100,100
0,100,0,0,22.82608696,0,100,100,0,100,100,0,100,0,100,100
26.66666667,100,0,0,6.666666667,0,100,100,0,100,100,0,71.42857143,100,100,100
0,100,62.39316239,0,0,39.28571429,100,100,0,100,100,100,66.66666667,100,100,100
12.34567901,100,50,0,0,0,100,100,75.58139535,100,100,100,0,80,100,100
97.43589744,100,0,0,0,0,100,0,0,100,100,100,60,100,100,100
0,100,65.34653465,0,67.5,49.09090909,66.66666667,100,0,100,69.64285714,100,71.42857143,100,66.66666667,100
0,100,20,0,62.85714286,0,60,43.67816092,4.395604396,100,83.76068376,100,0,66.66666667,100,100
56.38297872,100,0,0,0,0,50,100,0,100,58.5106383,80,66.66666667,75,100,100
0,100,47.6744186,7.692307692,10.20408163,57.60869565,51.13636364,38.83495146,0,100,66.66666667,80,66.66666667,66.66666667,100,100
0,100,0,0,0,0,66.66666667,46.83544304,0,100,100,0,60,100,50,100
0,100,0,0,0,0,72.04301075,100,85.71428571,100,64.65517241,100,60,66.66666667,100,100
0,100,0,0,85.71428571,60,100,100,0,100,100,66.66666667,60,66.66666667,100,100
0,100,19.13043478,7.5,0,0,67.96116505,100,0,100,25,0,85.71428571,0,100,100
11.76470588,100,0,63.96396396,0,0,100,100,0,100,13.58024691,0,0,100,100,100
78.16091954,100,0,28.39506173,0,66.98113208,61.16504854,71.42857143,0,100,100,0,87.5,100,100,100
75,100,12.5,87.5,8.510638298,10.66666667,0,100,78.26086957,100,100,100,0,0,100,100
0,100,0,0,11.70212766,0,100,78.08219178,0,100,30.37974684,100,71.42857143,100,100,100
83.14606742,100,0,0,92.59259259,92.85714286,100,100,10.1010101,100,100,100,0,0,100,100
96.66666667,100,0,0,0,84.31372549,100,100,0,100,100,100,0,100,100,100
0,100,0,91.30434783,0,0,66.66666667,100,46.22641509,100,100,100,60,100,100,100
0,100,87.5,61.11111111,0,0,28.03738318,0,0,100,50,100,66.66666667,0,100,100
62.61682243,100,71.42857143,0,0,94.11764706,52.08333333,71.42857143,16.83168317,100,50,100,60,100,0,100
37.14285714,100,49.07407407,0,66.66666667,49.07407407,100,0,0,100,100,100,60,0,100,100
0,100,87.5,62.5,41.97530864,77.88461538,100,78.44827586,70.21276596,100,52,100,100,100,100,100
0,100,12.64367816,37.96296296,0,0,100,100,14.28571429,100,100,100,60,87.5,100,100
0,100,40,0,12.90322581,0,100,0,0,100,100,100,71.42857143,80,100,100
0,100,0,0,37,6.837606838,100,100,25,100,100,0,60,85.71428571,100,100
0,100,44.76190476,95.0617284,3.947368421,0,77.92207792,71.42857143,48.14814815,100,100,100,71.42857143,100,100,100
67.46987952,100,0,0,68.37606838,85.71428571,44.59459459,62.93103448,0,100,100,100,0,85.71428571,100,100
0,100,0,81.81818182,68.53932584,62.5,66.66666667,56.88073394,16.66666667,100,18.66666667,0,66.66666667,66.66666667,100,100
0,100,30.76923077,67.81609195,38.31775701,0,40.74074074,100,0,100,66.66666667,100,75,100,100,100
87.5,100,50,15.78947368,0,63.36633663,100,18,0,100,11.57894737,100,100,83.33333333,100,100
74.07407407,100,0,0,79.6460177,0,69.91150442,100,16.66666667,100,84.88372093,100,0,100,100,100
0,100,0,0,0,0,100,100,87.5,100,66.66666667,0,0,83.33333333,0,100
0,100,0,0,0,0,50,100,31.81818182,100,60,66.66666667,0,85.71428571,100,100
92,100,0,92.30769231,0,7.608695652,100,21.56862745,0,100,56,100,0,85.71428571,100,100
0,100,0,0,11.76470588,0,0,100,0,100,100,100,80,100,100,100
16.07142857,100,14.28571429,0,70.10309278,39.47368421,100,50,43.67816092,100,32.60869565,100,0,100,100,100
0,100,20.25316456,0,0,0,60,66.66666667,0,100,100,100,0,0,100,100
0,100,38.7755102,0,31.19266055,41.33333333,100,100,5.333333333,100,100,75,50,100,100,100
0,100,0,46.49122807,0,0,100,100,0,100,100,100,0,0,100,100
0,100,0,0,0,0,100,60,0,100,42.30769231,100,60,75,100,100
0,100,0,0,0,0,59.48275862,30.1369863,63.06306306,100,66.66666667,100,0,100,50,100
0,100,0,6.451612903,97.36842105,0,75,100,58.75,100,66.66666667,75,50,100,100,100
0,100,87.5,0,0,0,100,100,0,100,100,100,0,75,100,100
0,100,46.07843137,0,94.87179487,0,100,100,0,100,100,100,80,100,100,100
50,100,55.12820513,50,0,0,100,100,7.894736842,100,100,0,71.42857143,85.71428571,100,100
0,100,0,0,0,78.82352941,66.66666667,100,0,100,100,100,60,100,100,100
0,100,100,0,0,0,100,0,71.42857143,100,100,0,60,100,100,100
0,100,0,0,20,0,100,100,71.56862745,100,100,100,60,80,100,100
0,100,0,33.33333333,21.91780822,0,100,100,63.71681416,100,100,80,87.5,0,100,100
0,100,0,0,0,27.63157895,100,100,0,100,100,100,87.5,100,100,100
0,100,0,71.42857143,0,0,79.01234568,17.20430108,35.78947368,100,74.3902439,100,100,0,100,100
14.5631068,100,84,65.34653465,0,63.73626374,100,100,0,100,50,0,0,100,100,100
0,100,75,62.5,10,16.88311688,100,100,0,100,100,100,66.66666667,87.5,100,100
0,100,0,0,72.80701754,0,56.41025641,44.24778761,0,100,45.23809524,100,50,100,100,100
0,100,0,0,0,0,100,100,42.34234234,100,0,0,60,83.33333333,100,100
0,100,0,0,87.5,84.04255319,100,50,63.80952381,100,100,100,66.66666667,100,100,100
27.36842105,100,0,27.92792793,0,0,100,100,0,100,100,100,66.66666667,100,100,100
0,100,0,0,0,52.88461538,66.07142857,84.21052632,40.38461538,100,82.82828283,100,0,100,100,100
0,100,76.47058824,93.33333333,0,44.73684211,100,100,5.940594059,100,100,100,0,100,100,100
75,100,50.64935065,87.5,0,25,100,100,0,100,100,100,83.33333333,100,100,100
0,100,65.09433962,0,80,0,100,100,0,100,100,75,0,100,100,100
0,100,0,65.26315789,41.17647059,42,100,0,87.5,100,100,100,60,100,100,100
78.5046729,100,32.74336283,37.14285714,0,0,73.19587629,47.19101124,0,100,100,80,100,0,100,100
0,100,0,0,27.5862069,0,100,75,0,100,50,100,60,100,100,100
3.703703704,100,0,0,0,0,46.53465347,100,0,100,50,100,66.66666667,87.5,100,100
5.194805195,100,26.82926829,87.5,51.45631068,0,100,100,12.08791209,100,44.44444444,100,66.66666667,80,100,100
0,100,0,20,93.75,62.5,100,65.78947368,0,100,69.47368421,0,0,85.71428571,100,100
0,100,0,5.607476636,0,0,100,100,77.21518987,100,50,100,0,100,50,100
80.70175439,100,63.7254902,66.32653061,0,75.22123894,100,0,75,100,100,100,71.42857143,0,100,100
0,100,0,0,63.41463415,80,50,73.56321839,72.22222222,100,50,100,85.71428571,0,100,100
0,100,0,0,0,73.58490566,100,100,65.81196581,100,100,85.71428571,0,100,100,100
0,100,49.48453608,0,0,50,100,100,0,100,100,80,87.5,100,100,100
82.9787234,100,0,80.68181818,25,0,100,55.43478261,58.75,100,64.44444444,0,60,83.33333333,100,100
25,100,0,0,24.27184466,0,100,100,0,100,17.70833333,80,60,85.71428571,100,100
0,100,0,0,0,0,100,62.5,0,100,100,100,85.71428571,100,100,100
40,100,0,0,0,0,100,75,85.71428571,100,78.21782178,100,0,100,100,100
0,100,0,0,69.14893617,33.33333333,40,67.01030928,0,100,60,80,60,0,100,100
95.68965517,100,9.375,0,0,29.41176471,100,100,33.33333333,100,100,100,66.66666667,100,100,100
61.9047619,100,0,0,0,44.73684211,100,100,0,100,100,100,0,100,100,100
50.89285714,100,0,0,38.88888889,24.44444444,100,0,2.564102564,100,100,0,0,100,100,100
12.5,100,0,0,98.80952381,0,100,100,0,100,100,100,0,0,100,100
0,100,12.28070175,0,6.329113924,0,0,100,34.44444444,100,100,100,85.71428571,0,100,100
0,100,0,57.14285714,7.5,0,35.23809524,60,0,100,100,100,87.5,0,100,100
0,100,0,0,0,0,65.2173913,100,38.20224719,100,85.71428571,0,0,100,100,100
35.55555556,100,9.708737864,0,0,0,100,100,0,100,100,100,60,0,100,100
0,100,19.58762887,0,0,0,100,100,94.87179487,100,100,100,66.66666667,100,100,100
96.15384615,100,0,0,69.14893617,0,58.02469136,100,61.20689655,100,80.17241379,100,66.66666667,0,100,100
0,100,0,0,26.47058824,0,62.5,100,0,100,100,85.71428571,0,100,50,100
0,100,20,0,0,0,50,75,28.20512821,100,50,100,85.71428571,83.33333333,100,100
0,100,0,0,0,0,100,0,0,100,100,100,100,100,100,100
79.54545455,100,62.74509804,13.54166667,0,72.56637168,56.81818182,100,56,100,100,100,60,100,100,100
0,100,0,85.71428571,0,40,100,100,66.66666667,100,66.66666667,75,66.66666667,100,100,100
0,100,0,71.42857143,0,0,50,49.12280702,71.42857143,100,78.02197802,100,60,100,100,100
0,100,65.55555556,0,79.72972973,0,100,100,0,100,100,100,87.5,83.33333333,100,100
0,100,0,73.41772152,0,97.43589744,100,100,0,100,100,80,60,0,100,100
80.24691358,100,0,0,35.35353535,0,100,0,0,100,100,100,87.5,100,100,100
5.940594059,100,0,0,23.86363636,72.72727273,100,66.66666667,0,100,100,75,60,100,100,100
0,100,83.65384615,85.85858586,0,55.85585586,100,100,49.51456311,100,100,100,60,87.5,100,100
24.10714286,100,0,23.68421053,0,0,100,100,87.5,100,100,100,0,100,100,100
0,100,0,76.13636364,0,0,100,0,27.27272727,100,100,100,87.5,0,100,100
36.03603604,100,66.98113208,0,0,74.02597403,100,100,0,100,100,100,100,100,100,100
87.05882353,100,0,56.14035088,0,0,72.64150943,63,0,100,23.80952381,100,60,100,0,100
0,100,0,65.38461538,0,0,100,100,78.75,100,100,80,50,0,100,100
0,100,28.57142857,97.05882353,0,36.36363636,100,100,32.98969072,100,100,100,0,87.5,100,100
85.52631579,100,35.48387097,0,0,0,100,100,28.08988764,100,100,100,100,100,100,100
46.31578947,100,66.66666667,33.33333333,51.94805195,0,50,25.45454545,0,100,30.6122449,100,100,100,100,100
39.78494624,100,0,0,0,0,100,100,76.40449438,100,42.85714286,87.5,0,100,100,100
0,100,0,0,87.5,0,100,100,0,100,100,100,60,100,100,100
75,100,0,0,0,39.04761905,100,21.42857143,0,100,29.8245614,100,60,87.5,100,100
0,100,0,0,0,0,100,50,0,100,100,0,0,0,100,100
33.62831858,100,57.89473684,0,0,0,100,66.66666667,0,100,100,0,71.42857143,100,100,100
0,100,0,75,35.05154639,48.21428571,100,59.74025974,0,100,100,100,50,100,100,100
0,100,0,0,0,20,100,100,55.55555556,100,0,100,0,80,100,100
0,100,0,0,87.5,0,100,100,39.62264151,100,0,85.71428571,71.42857143,100,100,100
0,100,0,12.5,0,0,100,100,96.66666667,100,100,100,100,100,100,100
31.57894737,100,0,94.79166667,0,22.07792208,50,50,0,100,100,66.66666667,100,100,100,100
0,100,75,0,0,27.55102041,100,66.66666667,87.5,100,100,100,0,100,100,100
0,100,0,47.82608696,47.36842105,20,100,0,75.64102564,100,100,100,60,80,100,100
94.11764706,100,0,48.03921569,75,0,100,50,46,100,28.88888889,80,85.71428571,0,100,100
0,100,0,20,16.66666667,0,50,100,92.30769231,100,100,75,0,100,100,100
0,100,0,0,0,0,39.7260274,87.5,0,100,0,0,87.5,100,100,100
61.25,100,94.73684211,59.82905983,0,36.36363636,66.66666667,100,0,100,57.14285714,95,85.71428571,66.66666667,100,100
66.66666667,100,0,43.96551724,0,0,100,27.16049383,94.11764706,100,69.30693069,66.66666667,71.42857143,87.5,100,100
0,100,47.86324786,0,26,0,70.52631579,100,0,100,74.69879518,100,0,80,100,100
0,100,55.31914894,0,0,71.08433735,100,19.44444444,69.33333333,100,100,100,0,66.66666667,100,100
0,100,0,0,0,0,36.14457831,100,3.370786517,100,100,100,92.30769231,100,50,100
0,100,0,0,69.13580247,0,100,58.0952381,0,100,100,100,75,100,66.66666667,100
83.48623853,100,0,0,0,0,60,100,0,100,41.58415842,83.33333333,96.15384615,87.5,100,100
0,100,0,0,0,0,100,100,40.74074074,100,100,0,85.71428571,100,100,100
5.217391304,100,92.30769231,65.09433962,82.43243243,0,50,63.96396396,28.40909091,100,100,0,0,100,100,100
66.66666667,100,0,0,0,0,100,100,0,100,100,60,66.66666667,100,100,100
16.66666667,100,50.56179775,0,96.77419355,0,100,100,0,100,100,85.71428571,60,100,100,100
0,100,29.48717949,0,0,0,100,100,0,100,100,100,0,0,100,100
97.14285714,100,36.69724771,16.23931624,2.678571429,53.39805825,100,66,29.20353982,100,100,100,50,100,100,100
0,100,0,0,0,0,100,91.56626506,0,100,100,0,0,100,100,100
0,100,22.09302326,60.60606061,0,0,100,0,65.76576577,100,66.66666667,100,87.5,100,100,100
51.94805195,100,5.434782609,40,0,0,100,100,71.42857143,100,100,75,0,100,100,100
0,100,0,0,0,0,100,100,0,100,100,100,0,100,100,100
0,100,90.90909091,0,0,0,100,100,32.22222222,100,100,0,66.66666667,80,100,100
0,100,0,0,0,0,100,100,80,100,0,100,0,100,100,100
0,100,71.42857143,0,0,0,57.57575758,23.14814815,40.96385542,100,100,75,60,100,100,100
0,100,0,97.5308642,0,66.08695652,21.42857143,100,22.12389381,100,100,100,0,100,100,100
20,100,0,0,0,0,66.66666667,100,5.128205128,100,77.63157895,83.33333333,0,83.33333333,100,100
0,100,0,54.65116279,0,81.33333333,100,61.40350877,87.5,100,46.49122807,0,0,100,100,100
0,100,0,0,48.14814815,0,21.05263158,100,54.54545455,100,100,80,87.5,87.5,100,100
0,100,41.89189189,0,0,21.78217822,75,57.94392523,0,100,66.66666667,100,0,0,0,100
0,100,69.51219512,0,8.421052632,73.68421053,66.37931034,100,8.602150538,100,64,66.66666667,0,80,100,100
0,100,0,0,0,0,71.81818182,37.5,0,100,33.33333333,100,60,75,100,100
0,100,0,0,0,0,100,46.84684685,0,100,100,0,71.42857143,0,100,100
0,100,0,0,0,0,100,100,94.44444444,100,100,100,87.5,100,100,100
0,100,7.692307692,0,65.38461538,0,72.64957265,46.06741573,0,100,100,100,71.42857143,80,100,100
50.54945055,100,33.33333333,34.86238532,0,0,80.95238095,69.23076923,62.65060241,100,60,100,0,100,100,100
0,100,0,95.45454545,0,0,100,100,77.21518987,100,100,75,0,100,100,100
0,100,94.73684211,0,61.53846154,69.47368421,100,0,0,100,100,100,71.42857143,0,100,100
0,100,87.5,0,0,0,66.66666667,16.19047619,0,100,66.66666667,100,85.71428571,100,100,100
0,100,56.52173913,68.13186813,0,0,100,27.72277228,44.44444444,100,100,100,97.22222222,0,100,100
60.49382716,100,0,0,33.33333333,64.63414634,33.33333333,77.33333333,15.09433962,100,60,100,0,100,100,100
0,100,0,0,0,0,100,0,0,100,100,0,0,83.33333333,100,100
0,100,0,0,0,0,100,100,84.61538462,100,100,0,0,0,100,100
0,100,0,0,0,50,100,100,0,100,100,100,94.73684211,100,100,100
0,100,56.81818182,0,0,81.33333333,84.34782609,60,32.72727273,100,100,0,60,100,100,100
23.42342342,100,0,0,19.48051948,73.61111111,50,100,0,100,100,0,100,100,100,100
0,100,0,0,0,0,100,100,0,100,100,100,60,0,100,100
51.35135135,100,0,45.94594595,0,0,100,100,0,100,100,100,60,100,100,100
0,100,0,66.21621622,0,46.55172414,100,0,7.920792079,100,100,100,0,0,100,100
0,100,0,0,62.16216216,0,52.13675214,100,0,100,22.72727273,0,0,0,100,100
0,100,45.36082474,0,0,0,100,100,85.58558559,100,100,100,0,100,100,100
0,100,0,0,65.78947368,68,100,0,15.18987342,100,100,0,60,75,100,100
14.28571429,100,0,0,37.93103448,0,100,0,83.90804598,100,100,100,66.66666667,100,100,100
0,100,0,0,0,30.66666667,100,100,55.17241379,100,100,100,0,100,100,100
16.66666667,100,28.57142857,65.38461538,50.4950495,0,100,100,0,100,100,100,60,100,100,100
7.228915663,100,0,87.5,97.43589744,0,100,0,62.83185841,100,100,100,75,100,100,100
10.86956522,100,94.44444444,0,0,33.33333333,25.49019608,20.83333333,54.08163265,100,100,100,0,100,100,100
59.79381443,100,0,18.26086957,60,0,100,100,74.19354839,100,100,100,66.66666667,100,100,100
12.5,100,0,90,50,65.17857143,100,100,4.04040404,100,0,100,100,100,100,100
66.66666667,100,0,77.31958763,76.23762376,0,61.94690265,100,3,100,100,100,0,80,100,100
66.66666667,100,79.72972973,0,0,51.19047619,100,66.66666667,0,100,100,85.71428571,60,100,100,100
25,100,0,0,0,0,100,75,55.17241379,100,26.41509434,100,0,100,100,100
0,100,62.5,56.03448276,0,52.99145299,100,100,26.1682243,100,100,100,60,100,100,100
0,100,0,0,80.37383178,0,74.69879518,100,0,100,12.5,100,87.5,100,50,100
0,100,0,0,0,0,100,26.78571429,9.259259259,100,73.78640777,100,66.66666667,100,100,100
0,100,0,0,7.228915663,64.1509434,81.55339806,100,0,100,60,0,60,87.5,100,100
25,100,0,0,0,0,100,49.03846154,0,100,62.74509804,100,66.66666667,100,100,100
94.38202247,100,75,0,23.59550562,8.571428571,100,0,0,100,100,100,60,0,100,100
0,100,0,0,0,0,100,62.82051282,66.66666667,100,64.55696203,80,60,100,100,100
0,100,71.42857143,0,52.88461538,0,100,100,70.83333333,100,100,100,0,100,100,100
0,100,80.39215686,0,86.72566372,0,100,100,67.53246753,100,60,100,66.66666667,100,100,100
74.11764706,100,25.71428571,0,0,0,87.96296296,100,6.976744186,100,100,100,0,100,100,100
28.57142857,100,0,0,0,51.89873418,100,25.92592593,95.83333333,100,100,80,0,80,100,100
0,100,0,0,0,0,60,100,77.67857143,100,100,100,85.71428571,75,100,100
80.73394495,100,0,0,0,0,100,100,87.5,100,60,100,83.33333333,100,100,100
0,100,65.11627907,68.62745098,94.73684211,24.13793103,100,60,0,100,62.3655914,100,66.66666667,100,100,100
0,100,62.5,28.30188679,0,0,100,100,87.5,100,0,100,0,0,100,100
0,100,0,48.62385321,0,0,100,100,0,100,100,100,0,100,100,100
23.21428571,100,0,61.53846154,0,0,100,100,0,100,100,100,0,100,100,100
87.5,100,28.82882883,0,31.19266055,0,100,0,44.76190476,100,100,96.96969697,75,100,100,100
40.24390244,100,27.17391304,0,0,75,100,100,0,100,100,0,0,0,100,100
0,100,0,63.55140187,27.88461538,0,69.8630137,13.15789474,46.2962963,100,46,100,66.66666667,100,100,100
0,100,0,0,20,0,70.58823529,60,56.16438356,100,100,100,100,100,100,100
0,100,51.28205128,0,0,0,10.75268817,100,0,100,100,0,100,96.875,100,100
0,100,0,19.82758621,0,0,100,100,0,100,100,0,100,0,100,100
0,100,84.95575221,0,63.15789474,0,34.54545455,69.8630137,0,100,77.63157895,0,60,66.66666667,100,100
0,100,50,0,48.88888889,0,20.79207921,19.56521739,0,100,76.72413793,100,0,80,100,100
0,100,66.66666667,0,63.0952381,0,100,60,74.66666667,100,35.9223301,0,71.42857143,0,100,100
0,100,87.5,98.41269841,0,0,100,66.66666667,0,100,100,100,60,100,100,100
45.36082474,100,71.42857143,29.09090909,23.68421053,0,53.33333333,29.46428571,42.24137931,100,36.89320388,100,92.30769231,66.66666667,100,100
28.57142857,100,0,0,11.49425287,57.14285714,100,100,63.15789474,100,100,100,71.42857143,100,100,100
0,100,11.32075472,0,97.05882353,31.08108108,50,72.94117647,0,100,77.39130435,100,87.5,100,66.66666667,100
98.5915493,100,0,25,0,0,100,100,0,100,100,100,0,100,100,100
0,100,0,0,71.42857143,0,100,66.66666667,86.72566372,100,100,100,100,100,100,100
75,100,0,96.77419355,52.3255814,0,100,0,0,100,100,0,60,85.71428571,100,100
0,100,66.25,97.5,0,28.57142857,50,50,5.050505051,100,14.11764706,100,0,100,100,100
0,100,76.92307692,37.80487805,0,87.5,100,100,0,100,100,100,85.71428571,100,100,100
0,100,0,52.42718447,0,0,100,100,5.128205128,100,100,100,60,100,100,100
0,100,0,0,0,0,100,100,32.45614035,100,100,100,100,0,100,100
0,100,59.13043478,71.42857143,0,71.42857143,100,100,87.5,100,100,100,60,66.66666667,100,100
14.67889908,100,0,0,0,7.75862069,61.62790698,27.82608696,0,100,100,100,100,100,100,100
0,100,0,0,0,0,100,100,20.27027027,100,100,100,94.44444444,100,100,100
0,100,43,34.375,0,0,100,100,94.73684211,100,100,100,60,100,100,100
0,100,0,62.96296296,0,0,100,100,0,100,100,100,87.5,100,100,100
33.33333333,100,0,0,0,47.27272727,40.38461538,51.45631068,66.66666667,100,100,100,60,75,100,100
0,100,96.96969697,0,0,0,100,66.66666667,68.6746988,100,56.84210526,80,71.42857143,100,100,100
0,100,67.74193548,62.5,0,0,100,100,0,100,100,100,60,100,100,100
0,100,0,10.52631579,0,0,44.94382022,9.87654321,0,100,9.821428571,83.33333333,60,0,50,100
0,100,0,0,0,0,100,100,0,100,100,100,60,80,100,100
96.3963964,100,38.88888889,0,0,0,100,100,0,100,100,100,0,100,100,100
40,100,28.37837838,0,16,0,100,72.5,0,100,100,100,0,0,100,100
0,100,0,63.04347826,66.05504587,12.82051282,0,100,0,100,100,100,87.5,85.71428571,100,100
45.79439252,100,0,0,0,55.76923077,0,0,0,100,100,100,0,0,100,100
49.56521739,100,98.78787879,0,0,0,0,100,0,100,100,100,100,100,100,100
28.40909091,100,29.78723404,87.5,45.2991453,0,100,50,65.48672566,100,100,80,50,0,100,100
0,100,93.33333333,0,0,87.5,100,100,61.79775281,100,100,100,83.33333333,100,100,100
84.61538462,100,0,0,25,0,100,100,97.2972973,100,66.66666667,100,0,100,100,100
55.23809524,100,0,0,0,61.68224299,45.04504505,100,0,100,100,66.66666667,100,100,100,100
0,100,92.10526316,0,0,26.88172043,71.42857143,26.31578947,0,100,79.24528302,80,66.66666667,66.66666667,100,100
0,100,97.14285714,0,0,13.88888889,100,100,22.80701754,100,80,85.71428571,0,100,100,100
0,100,53.57142857,0,0,68,100,100,5.479452055,100,61.25,80,0,80,50,100
40,100,0,0,21.3592233,73.40425532,100,50,64.86486486,100,100,80,71.42857143,66.66666667,0,100
0,100,0,0,0,0,60,68.04123711,64.63414634,100,64.55696203,80,0,80,100,100
0,100,28.23529412,93.5483871,0,9.638554217,24.67532468,100,22.93577982,100,100,80,0,100,0,100
62.24489796,100,0,0,97.14285714,0,63.73626374,44.54545455,71.69811321,100,100,100,60,100,100,100
0,100,0,0,57.14285714,28.57142857,45.94594595,100,12.5,100,40,83.33333333,60,100,100,100
0,100,0,0,96.2962963,0,66.31578947,60,75,100,100,0,0,83.33333333,100,100
0,100,0,0,0,0,100,100,0,100,100,88.88888889,0,100,100,100
0,100,0,0,50.43478261,0,100,100,0,100,63.15789474,80,66.66666667,100,100,100
0,100,85.71428571,85.71428571,0,0,100,100,51.64835165,100,100,100,60,100,100,100
5.128205128,100,0,57.14285714,0,0,100,100,46.90265487,100,100,100,85.71428571,100,100,100
0,100,57.14285714,0,0,0,66.66666667,100,25.86206897,100,100,100,0,0,100,100
12.5,100,0,69.41176471,0,0,100,75,0,100,100,100,92.30769231,100,100,100
0,100,0,86.48648649,42.24137931,60,100,100,0,100,54.95495495,100,85.71428571,100,100,100
7.843137255,100,0,0,38.96103896,0,100,100,0,100,0,0,0,100,100,100
0,100,0,0,50.60240964,0,84.61538462,28.03738318,100,100,100,100,0,100,100,100
0,100,58.41584158,92.85714286,0,0,100,100,0,100,100,100,0,100,100,100
0,100,0,0,0,76,100,100,0,100,100,100,60,100,100,100
4.545454545,100,0,30.58823529,76.19047619,54.05405405,100,0,38.70967742,100,100,100,0,100,100,100
0,100,0,0,0,67.12328767,100,60,45.09803922,100,100,100,0,100,100,100
0,100,0,0,0,0,73.86363636,15.51724138,60,100,100,83.33333333,71.42857143,100,100,100
0,100,52.25225225,81.4159292,26.25,0,38.38383838,100,57.44680851,100,66.66666667,80,60,0,100,100
36.08247423,100,0,40,0,0,66.66666667,100,85.71428571,100,57.95454545,100,71.42857143,100,100,100
71,100,0,72.64957265,28.28282828,0,100,24.41860465,75,100,83.33333333,83.33333333,60,100,100,100
0,100,0,11.11111111,0,0,76.41509434,100,73.87387387,100,100,0,0,100,100,100
0,100,0,20,0,79.09090909,26.13636364,75.6097561,0,100,27.10280374,80,0,80,100,100
0,100,0,19.19191919,0,69.60784314,83.33333333,100,16.66666667,100,100,75,0,80,50,100
25,100,42.15686275,86.60714286,0,0,56.19047619,100,71.42857143,100,100,85.71428571,75,100,100,100
75,100,0,0,0,0,100,0,98.07692308,100,100,80,60,100,100,100
0,100,10.25641026,32.18390805,0,12.34567901,56.25,100,0,100,100,0,60,100,100,100
5.194805195,100,0,72.44897959,21.15384615,0,50,0,0,100,100,0,0,100,100,100
0,100,3.96039604,0,80.17241379,0,100,100,0,100,66.66666667,100,60,100,100,100
79.06976744,100,0,0,0,0,100,100,96.15384615,100,100,100,85.71428571,97.43589744,100,100
0,100,0,0,0,0,66.66666667,70.70707071,0,100,100,100,100,100,100,100
0,100,0,0,0,0,39.04761905,79.16666667,0,100,78.40909091,97.43589744,85.71428571,100,100,100
0,100,0,0,0,0,100,100,0,100,64.13043478,100,66.66666667,100,0,100
40.90909091,100,84.81012658,0,70.12987013,0,100,100,0,100,100,100,0,100,100,100
0,100,0,59.82905983,0,0,100,0,0,100,100,100,100,100,100,100
45.91836735,100,0,0,0,33.75,100,100,0,100,100,100,0,0,100,100
0,100,48.38709677,28.57142857,0,0,83.33333333,100,36.52173913,100,61.62790698,0,0,100,100,100
0,100,0,0,0,0,100,100,0,100,100,100,87.5,75,100,100
0,100,0,0,65.38461538,0,100,0,39.75903614,100,100,100,0,0,100,100
0,100,0,0,0,8.771929825,100,100,0,100,100,0,0,100,100,100
54.80769231,100,0,14.28571429,0,0,66.66666667,100,14.45783133,100,100,100,71.42857143,100,100,100
43.03797468,100,70.27027027,0,84.26966292,0,100,33.33333333,0,100,28.82882883,0,0,100,100,100
0,100,0,43.47826087,0,0,100,0,0,100,100,80,0,87.5,100,100
0,100,76,3.125,34.04255319,0,100,100,0,100,100,100,66.66666667,100,100,100
20,100,0,52.12765957,98.80952381,93.16239316,29.05982906,18.18181818,0,100,100,0,75,0,100,100
0,100,0,56.36363636,44.89795918,55.45454545,100,100,0,100,100,100,80,100,100,100
0,100,43.80952381,0,91.66666667,0,100,100,0,100,100,0,0,100,100,100
8.333333333,100,0,13.08411215,63.80952381,0,100,100,0,100,100,100,0,100,100,100
0,100,0,96.66666667,0,0,67.82608696,33.33333333,49.42528736,100,100,100,60,100,0,100
0,100,0,71.42857143,87.5,42.30769231,100,100,0,100,100,100,87.5,100,100,100
0,100,0,87.5,73.41772152,50,100,100,70.12987013,100,100,100,100,100,100,100
0,100,0,0,87.5,66.66666667,56.25,100,0,100,100,100,60,85.71428571,0,100
0,100,0,30.76923077,0,0,100,100,25,100,100,0,71.42857143,100,100,100
0,100,75,92.85714286,66.66666667,0,66.66666667,50,0,100,100,0,0,0,100,100
0,100,46.57534247,0,96.2962963,96.15384615,100,100,0,100,100,0,71.42857143,0,100,100
25,100,0,71.11111111,18.8034188,0,100,75,0,100,100,100,75,100,100,100
92.85714286,100,0,0,52,0,100,15.55555556,0,100,35.8974359,0,60,100,0,100
0,100,0,40,0,6.315789474,100,56.38297872,97.36842105,100,44.44444444,87.5,0,0,100,100
0,100,62.02531646,76.57657658,50,0,68.42105263,100,0,100,71.42857143,75,83.33333333,100,0,100
56.16438356,100,42.85714286,0,75,0,100,100,0,100,100,100,85.71428571,100,100,100
0,100,0,0,62.96296296,28.94736842,31.25,84.25925926,14.54545455,100,84.48275862,100,87.5,100,100,100
0,100,0,0,0,0,100,100,61.11111111,100,100,100,87.5,0,100,100
0,100,0,0,0,35.13513514,100,100,28.7037037,100,100,100,75,100,100,100
0,100,7.5,84.09090909,0,55.55555556,35.96491228,100,0,100,100,100,50,100,100,100
0,100,42.85714286,0,99.39393939,62,100,30.12048193,0,100,35.78947368,80,71.42857143,80,100,100
0,100,0,32.14285714,0,0,19.65811966,100,0,100,100,100,60,83.33333333,100,100
0,100,0,87.5,49.49494949,0,78.30188679,79.80769231,0,100,71.42857143,100,60,0,50,100
16.66666667,100,0,0,0,7.317073171,100,45,43.96551724,100,64.1025641,100,87.5,100,100,100
0,100,0,0,57.29166667,0,100,100,0,100,100,0,66.66666667,100,100,100
0,100,0,0,5.747126437,60,100,100,55.05617978,100,100,100,0,85.71428571,100,100
75,100,0,0,0,28.30188679,100,100,61.36363636,100,0,100,0,100,100,100
0,100,0,0,0,0,100,100,0,100,100,100,85.71428571,0,100,100
0,100,55.42168675,0,0,0,100,100,7.317073171,100,100,80,0,100,100,100
0,100,0,0,0,0,50,65.16853933,71.42857143,100,76.41509434,100,0,100,100,100
75,100,0,0,50.98039216,0,100,66.66666667,37.75510204,100,66.66666667,100,71.42857143,100,100,100
0,100,63.30275229,0,33.33333333,0,100,3.603603604,0,100,100,100,60,85.71428571,100,100
0,100,97.05882353,87.5,0,0,100,100,78.94736842,100,100,100,100,85.71428571,100,100
0,100,0,0,0,0,73.46938776,100,0,100,100,100,60,0,100,100
78.94736842,100,25.68807339,0,31.25,62.28070175,60,75,0,100,71.42857143,83.33333333,60,80,100,100
94.11764706,100,0,0,90.47619048,13.08411215,62.96296296,66.66666667,67.03296703,100,72.72727273,100,100,100,100,100
0,100,43.67816092,23.07692308,0,0,100,100,65.81196581,100,100,80,60,100,100,100
41.25,100,0,0,95.23809524,0,100,100,0,100,87.1559633,80,0,100,100,100
87.5,100,0,85.71428571,79.61165049,0,100,100,0,100,100,66.66666667,60,0,100,100
0,100,41.89189189,0,33.33333333,0,71.42857143,100,21.42857143,100,100,100,50,100,100,100
95.45454545,100,0,0,32.43243243,28.23529412,100,100,0,100,100,100,0,100,100,100
0,100,52.72727273,39.53488372,60,0,100,100,0,100,100,100,0,100,100,100
0,100,0,0,0,54.02298851,100,100,87.5,100,100,100,71.42857143,100,100,100
18.88888889,100,0,0,0,75,100,15.58441558,0,100,100,100,100,100,100,100
0,100,55.40540541,19.14893617,9.638554217,0,100,100,41.75824176,100,100,0,71.42857143,100,100,100
0,100,7.777777778,7.058823529,20,83.80952381,100,100,0,100,100,100,93.33333333,0,100,100
0,100,54.7826087,0,0,0,100,50,9.090909091,100,100,0,95.45454545,100,100,100
0,100,56.38297872,67.70833333,32.71028037,79.46428571,100,100,83.92857143,100,100,100,100,100,100,100
50.61728395,100,0,0,0,0,39.42307692,24.7311828,66.66666667,100,79.61165049,100,0,0,0,100
0,100,0,0,0,0,50,100,45.88235294,100,100,100,60,0,100,100
0,100,28,75,0,0,100,100,96.96969697,100,100,100,85.71428571,100,100,100
0,100,0,0,72.60273973,0,100,100,0,100,0,83.33333333,0,100,100,100
0,100,0,0,0,63.46153846,68.86792453,50,4.464285714,100,100,100,85.71428571,0,100,100
0,100,42.5,16.66666667,0,0,100,71.30434783,5.555555556,100,100,0,60,100,100,100
0,100,42.85714286,75,0,9.459459459,100,100,39.3258427,100,100,100,66.66666667,100,100,100
0,100,0,62.22222222,0,92.85714286,100,100,49.43820225,100,50,66.66666667,66.66666667,0,100,100
0,100,0,96.66666667,73.5042735,81.73076923,100,0,0,100,100,100,50,100,100,100
0,100,0,54.46428571,0,0,100,66.66666667,77.98165138,100,100,100,87.5,100,100,100
22.22222222,100,8.108108108,22.34042553,40.18691589,0,8.333333333,66.29213483,37.34939759,100,48.21428571,87.5,60,100,100,100
42.85714286,100,51.04166667,0,40.22988506,0,100,100,12.28070175,100,100,100,60,0,100,100
0,100,0,0,0,0,100,100,0,100,100,100,66.66666667,0,100,100
0,100,0,48.11320755,0,55.44554455,100,100,0,100,100,100,60,87.5,100,100
71.42857143,100,0,24.7311828,0,0,100,100,0,100,50,100,100,100,100,100
0,100,85.71428571,0,8.333333333,0,100,100,45.83333333,100,0,83.33333333,60,100,100,100
38.46153846,100,75.67567568,57.14285714,0,0,100,0,94.38202247,100,100,100,0,100,100,100
41.57303371,100,10.71428571,96,0,0,100,16.66666667,0,100,66.66666667,80,60,80,100,100
47.6635514,100,0,0,48.88888889,0,100,0,0,100,62.82051282,100,66.66666667,80,100,100
0,100,0,0,92.45283019,0,100,54.94505495,7,100,20.38834951,96.42857143,87.5,83.33333333,100,100
64.65517241,100,33.33333333,68.13186813,0,0,100,55.88235294,0,100,28.57142857,100,0,85.71428571,100,100
0,100,29.80769231,24,34.52380952,0,66.66666667,0,79.41176471,100,14.52991453,80,60,80,100,100
0,100,0,29.09090909,94.80519481,0,84.72222222,29.12621359,0,100,71.15384615,80,60,100,66.66666667,100
0,100,0,0,27.35849057,57.14285714,100,60,0,100,87.01298701,66.66666667,96.77419355,50,100,100
0,100,0,41.55844156,0,0,25,38.35616438,0,100,100,100,0,100,100,100
50.60240964,100,0,0,88.88888889,0,55.55555556,64.03508772,62.24489796,100,100,100,60,95.83333333,50,100
75,100,0,0,0,0,100,66.66666667,0,100,71.42857143,100,60,100,100,100
46.15384615,100,0,0,57.31707317,0,100,100,36.17021277,100,100,100,0,100,100,100
96.875,100,0,0,0,0,100,40,0,100,100,100,75,0,50,100
44.44444444,100,82.71604938,0,0,0,100,100,81.31868132,100,100,100,0,100,100,100
59.45945946,100,0,34.06593407,0,0,0,0,59.03614458,100,0,100,100,100,100,100
97.5,100,0,0,0,0,100,100,92.59259259,100,100,100,60,100,100,100
0,100,0,0,68.23529412,0,100,0,23.36448598,100,33.33333333,100,66.66666667,83.33333333,100,100
0,100,0,0,64.21052632,0,100,100,53.125,100,36.47058824,0,85.71428571,100,50,100
0,100,7.766990291,10.95890411,0,0,100,100,62.35294118,100,100,0,0,100,100,100
0,100,0,82.19178082,88.88888889,64.63414634,60.22727273,2.752293578,85.71428571,100,100,100,0,100,100,100
0,100,0,0,0,0,100,85.71428571,33.69565217,100,100,100,50,100,100,100
16.66666667,100,12,44.08602151,97.43589744,0,100,100,0,100,100,100,60,100,100,100
0,100,6.666666667,46.80851064,87.5,70.75471698,100,100,0,100,100,83.33333333,66.66666667,80,100,100
0,100,0,0,64.51612903,0,15.95744681,0,0,100,50,80,0,100,100,100
0,100,0,97.84946237,0,0,71.42857143,78.44827586,62.5,100,60,100,60,100,100,100
0,100,0,0,78.66666667,94.28571429,47.05882353,100,0,100,80.20833333,100,0,100,100,100
0,100,0,0,0,39.50617284,76.92307692,21.83908046,75,100,71.42857143,100,60,87.5,0,100
0,100,98.93617021,0,75,0,71.42857143,13.82978723,0,100,100,80,88.88888889,0,100,100
0,100,0,77.90697674,0,54.05405405,100,100,52.17391304,100,100,100,0,100,100,100
0,100,0,94.59459459,59.7826087,75,60,100,0,100,75,100,60,85.71428571,50,100
0,100,0,94.87179487,0,0,58.2278481,100,0,100,100,60,60,100,100,100
10.25641026,100,0,0,38.20224719,0,50,100,85.71428571,100,19.41747573,100,60,100,100,100
0,100,0,0,68.6746988,6.741573034,100,100,0,100,50,100,0,100,100,100
0,100,0,0,0,0,66.66666667,66.08695652,51.35135135,100,100,80,80,83.33333333,0,100
5.747126437,100,0,0,0,90.47619048,66.66666667,42.85714286,24,100,38.83495146,100,0,100,100,100
52.42718447,100,0,33.33333333,0,0,100,100,0,100,100,100,60,100,100,100
0,100,0,29.62962963,0,0,100,100,0,100,100,80,50,100,100,100
87.5,100,0,50,0,75,100,60,0,100,50,100,85.71428571,0,100,100
0,100,0,63.75,0,0,100,33.33333333,0,100,100,100,50,100,100,100
85.71428571,100,0,0,0,58.97435897,65.30612245,6.837606838,0,100,100,100,0,0,100,100
0,100,36.17021277,0,0,0,0,100,0,100,100,100,100,75,100,100
30.18867925,100,0,38.46153846,0,0,100,100,0,100,100,0,60,0,100,100
0,100,0,57.14285714,0,0,100,100,51.75438596,100,100,100,66.66666667,100,100,100
0,100,12.24489796,47.43589744,0,78.94736842,66.66666667,100,0,100,60,100,50,0,100,100
0,100,0,0,0,66.66666667,100,0,56.25,100,0,100,0,100,100,100
0,100,23.47826087,0,0,0,100,0,0,100,100,83.33333333,0,100,100,100
0,100,0,0,87.5,0,100,0,58.7628866,100,100,100,87.5,100,100,100
0,100,0,0,85.71428571,70.37037037,100,100,0,100,100,100,0,100,100,100
11.65048544,100,0,39.21568627,73.97260274,0,49.49494949,100,12.17391304,100,100,100,0,0,0,100
40,100,0,96.2962963,0,0,100,100,37.5,100,100,83.33333333,0,0,100,100
0,100,0,0,0,6.097560976,100,100,62.16216216,100,100,100,87.5,100,100,100
0,100,84.09090909,60.17699115,0,0,100,100,71.71717172,100,100,100,60,100,100,100
0,100,0,0,0,0,100,66.66666667,45.88235294,100,100,0,60,100,100,100
0,100,30.68181818,0,28.42105263,0,100,100,0,100,0,0,100,100,100,100
5.813953488,100,0,0,16.66666667,38.05309735,100,0,89.65517241,100,100,100,50,100,100,100
0,100,78.37837838,26.31578947,18.26923077,0,100,17.07317073,26.60550459,100,100,100,0,80,100,100
0,100,75,0,16.66666667,0,100,100,0,100,100,100,0,100,100,100
0,100,78.26086957,40,0,87.5,100,100,0,100,100,100,50,100,100,100
0,100,0,0,49.31506849,52.77777778,100,100,64.54545455,100,66.07142857,85.71428571,71.42857143,100,100,100
0,100,0,0,28.57142857,0,100,100,0,100,100,0,0,100,100,100
0,100,87.5,0,0,0,56.31067961,100,0,100,43,0,60,100,100,100
0,100,0,0,0,0,100,100,87.5,100,100,100,0,100,100,100
0,100,0,64.9122807,10.81081081,0,100,42.85714286,14.28571429,100,100,100,87.5,100,100,100
0,100,0,78.04878049,0,0,43.33333333,50,48.45360825,100,27.05882353,100,0,83.33333333,100,100
0,100,0,0,93.75,0,71.42857143,50,42.22222222,100,50,83.33333333,0,75,100,100
0,100,17.17171717,0,0,0,77.08333333,60,0,100,50,100,0,0,100,100
0,100,0,0,67.81609195,0,100,0,0,100,100,100,0,100,100,100
75,100,0,0,0,0,60,0,35.06493506,100,100,85.71428571,50,100,100,100
0,100,0,0,0,0,100,0,33.67346939,100,100,100,0,100,100,100
53.91304348,100,0,0,0,99.28057554,100,75,46.22641509,100,100,100,60,100,50,100
22.11538462,100,0,48.64864865,0,62.85714286,100,100,38.55421687,100,6.194690265,75,0,100,100,100
0,100,0,4.761904762,71.42857143,88.57142857,82.79569892,66.66666667,0,100,71.42857143,83.33333333,0,83.33333333,0,100
0,100,0,0,0,0,36.9047619,75,0,100,74.35897436,100,0,87.5,0,100
0,100,0,55.81395349,29.8245614,0,82,100,15.625,100,33.33333333,100,0,100,100,100
0,100,46.01769912,0,0,38.23529412,2.654867257,60,0,100,100,0,0,100,100,100
0,100,0,0,0,0,0,100,0,100,100,100,0,100,100,100
0,100,9.090909091,43.10344828,94.59459459,0,100,100,0,100,0,100,87.5,100,100,100
14.28571429,100,95.45454545,19.44444444,87.5,46.55172414,100,100,9.756097561,100,100,100,71.42857143,100,100,100
0,100,0,58.55855856,20,77.77777778,100,100,0,100,100,100,100,0,100,100
0,100,0,0,0,0,100,100,0,100,100,100,60,100,100,100
0,100,8.737864078,0,0,80,100,100,0,100,34.44444444,100,75,100,100,100
0,100,85.71428571,0,80.95238095,63.15789474,60,60,39.50617284,100,42.85714286,100,0,100,100,100
27.77777778,100,0,0,0,0,100,73.73737374,88.88888889,100,100,100,90.90909091,100,66.66666667,100
0,100,0,87.5,0,42.20183486,100,71.42857143,85.71428571,100,100,100,60,100,100,100
36.63366337,100,0,0,0,44.94382022,63.29113924,30.76923077,0,100,100,100,60,80,50,100
0,100,0,60.41666667,83.33333333,0,66.66666667,66.66666667,0,100,100,75,0,50,100,100
38.35616438,100,0,50,40.78947368,0,48.71794872,50,0,100,100,100,87.5,0,0,100
0,100,0,0,16.66666667,57.14285714,100,100,0,100,100,100,60,0,100,100
0,100,0,0,66.66666667,0,100,27.61904762,52.05479452,100,75.96153846,96.55172414,66.66666667,100,100,100
0,100,0,0,0,48,100,0,50,100,100,100,0,0,100,100
0,100,71.875,30.17241379,0,81.72043011,14,53.46534653,70.45454545,100,50,100,0,100,100,100
0,100,0,92.30769231,94.73684211,0,100,0,87.5,100,100,100,60,0,100,100
57.14285714,100,0,0,0,0,100,100,0,100,100,100,100,87.5,100,100
0,100,0,0,16.32653061,0,100,100,67.07317073,100,50,0,0,100,100,100
0,100,0,10.22727273,71.26436782,0,22.09302326,100,0,100,50,100,60,0,100,100
99.44134078,100,0,91.66666667,0,0,100,0,0,100,100,100,0,100,100,100
0,100,0,54.36893204,0,0,100,100,0,100,100,100,0,75,100,100
38.73873874,100,0,87.5,0,5.882352941,100,100,0,100,100,100,87.5,100,100,100
0,100,48.45360825,0,0,0,100,0,0,100,100,75,71.42857143,75,100,100
58.33333333,100,0,0,0,7.216494845,66.66666667,100,66.66666667,100,64.38356164,100,87.5,100,100,100
0,100,0,8.547008547,19.78021978,0,100,66.66666667,0,100,100,100,0,80,100,100
61.20689655,100,0,0,76.57657658,0,100,100,75,100,100,100,60,85.71428571,100,100
48.35164835,100,0,0,0,93.96551724,100,100,0,100,100,75,0,80,100,100
13.51351351,100,0,0,0,0,50,100,0,100,100,100,50,100,100,100
75.86206897,100,0,0,0,0,100,78.7037037,0,100,37.25490196,96.96969697,71.42857143,80,100,100
94.73684211,100,0,0,12.76595745,0,100,100,0,100,100,100,66.66666667,87.5,100,100
87.5,100,0,0,0,41.50943396,100,0,0,100,100,80,0,80,100,100
61.46788991,100,0,24.74226804,0,60.95238095,100,100,0,100,100,100,71.42857143,100,100,100
0,100,0,0,0,0,100,100,0,100,100,100,0,0,100,100
96.2962963,100,0,0,72.22222222,0,83.33333333,100,82.92682927,100,71.42857143,87.5,80,100,100,100
0,100,60,0,0,0,100,0,94.59459459,100,100,100,75,100,100,100
0,100,0,33.62068966,0,61.94690265,100,100,0,100,100,100,50,100,100,100
0,100,0,0,18.75,85.29411765,100,100,0,100,100,100,0,100,100,100
10.25641026,100,0,0,0,0,100,100,0,100,100,100,87.5,100,100,100
0,100,87.5,0,92,0,100,100,0,100,100,0,60,80,100,100
0,100,0,0,0,0,100,0,13.82978723,100,100,100,0,100,100,100
0,100,0,8.602150538,0,0,21.27659574,56.19047619,0,100,100,100,87.5,75,100,100
0,100,0,0,17.94871795,80,50,70.1754386,0,100,64.89361702,80,0,100,0,100
0,100,0,0,36.36363636,0,50,100,0,100,55.17241379,100,66.66666667,88.88888889,100,100
84.53608247,100,0,0,0,60.74766355,42.55319149,6.837606838,0,100,55.55555556,0,0,87.5,100,100
0,100,0,0,99.45652174,0,44.44444444,63.0952381,0,100,100,100,66.66666667,100,100,100
85.29411765,100,0,85.22727273,0,0,100,15.38461538,0,100,100,66.66666667,66.66666667,85.71428571,100,100
0,100,87.5,0,0,0,58.97435897,28.57142857,66.66666667,100,100,87.5,71.42857143,83.33333333,100,100
0,100,0,0,68.75,0,100,100,41.88034188,100,21.11111111,100,98.14814815,100,100,100
0,100,0,53.40909091,0,41.7721519,22.54901961,47.36842105,9.345794393,100,100,100,0,0,100,100
0,100,42.70833333,0,0,55.69620253,81.31868132,35.52631579,32.95454545,100,24.29906542,100,92.30769231,85.71428571,100,100
0,100,93.93939394,64.55696203,0,55.26315789,100,100,56.38297872,100,100,100,0,80,100,100
78.48101266,100,0,82.60869565,0,0,75.49019608,34.90566038,99.43502825,100,87.5,87.5,75,100,100,100
0,100,0,0,13.63636364,97.2972973,100,100,88.88888889,100,100,100,60,100,100,100
0,100,0,0,52.04081633,0,100,100,29.21348315,100,100,100,0,0,100,100
0,100,0,84.81012658,67.44186047,0,100,100,75.6097561,100,100,80,83.33333333,100,100,100
0,100,0,75,0,56.43564356,41.86046512,0,0,100,72,100,0,85.71428571,100,100
17.10526316,100,0,0,0,41.73913043,66.66666667,35.71428571,0,100,66.66666667,0,0,0,100,100
97.36842105,100,0,0,0,25.89285714,100,100,33.33333333,100,100,100,96.66666667,0,100,100
0,100,0,0,50,0,100,66.66666667,0,100,50,75,60,100,100,100
0,100,0,77.08333333,75.96153846,0,100,100,0,100,100,100,71.42857143,100,100,100
25.24271845,100,0,0,51.40186916,0,100,100,0,100,100,100,60,100,100,100
28,100,25,39.65517241,0,42.55319149,100,100,6.060606061,100,100,100,60,100,100,100
0,100,0,52.94117647,0,0,100,100,61.46788991,100,100,100,0,100,100,100
0,100,0,0,0,40,100,34.56790123,0,100,100,100,0,100,100,100
0,100,0,0,24.71910112,0,81.81818182,66.66666667,0,100,100,100,0,0,50,100
0,100,9.615384615,0,0,28.57142857,71.71717172,72.72727273,35.05154639,100,36.63366337,75,60,100,100,100
50,100,0,0,0,0,100,59.72222222,85.71428571,100,70.78651685,0,75,0,100,100
0,100,7.228915663,0,0,0,33.03571429,0,0,100,49.01960784,100,0,100,0,100
71.13402062,100,0,0,0,0,50,100,30.33707865,100,31.25,50,0,85.71428571,100,100
0,100,92.30769231,0,0,0,61.9047619,71.42857143,85.71428571,100,0,66.66666667,0,80,100,100
0,100,0,0,0,0,40,100,64.13043478,100,18.08510638,100,0,100,100,100
75,100,0,0,77.39130435,0,100,100,85.71428571,100,100,0,60,100,100,100
0,100,41.37931034,69.6969697,0,33.70786517,100,39.77272727,67.39130435,100,31.11111111,0,0,0,100,100
33.68421053,100,0,27.5862069,0,82.43243243,34.61538462,100,0,100,100,0,0,100,100,100
0,100,46.34146341,90.90909091,61.17647059,0,100,100,0,100,100,100,60,0,100,100
0,100,0,0,60,81.37254902,100,100,0,100,100,100,0,100,100,100
0,100,0,0,40,0,100,32.98969072,0,100,22.78481013,100,75,100,100,100
0,100,36.89320388,80.26315789,0,0,66.66666667,100,10.46511628,100,75.25773196,100,0,0,100,100
0,100,35.77981651,33.91304348,38.05309735,0,48.48484848,37.5,87.5,100,46.91358025,100,0,0,50,100
0,100,0,61.53846154,0,0,100,100,66.30434783,100,66.66666667,100,0,100,100,100
0,100,0,0,37.80487805,7.317073171,100,100,0,100,100,100,0,0,100,100
0,100,43.36283186,0,0,0,100,100,0,100,100,66.66666667,0,100,100,100
0,100,0,70.09345794,94.38202247,0,100,100,0,100,100,100,60,100,100,100
0,100,0,0,0,33.66336634,100,100,12.34567901,100,100,100,60,100,100,100
0,100,0,73.41772152,78.26086957,0,100,100,83.33333333,100,100,80,0,100,100,100
0,100,0,74.15730337,75,94.59459459,100,100,3.409090909,100,100,100,0,0,100,100
35.80246914,100,0,66.66666667,45.36082474,35.61643836,100,100,0,100,100,100,66.66666667,0,100,100
16.66666667,100,16.19047619,0,0,0,77.77777778,69,0,100,100,100,95,0,100,100
78.57142857,100,9.375,0,0,0,100,100,43.01075269,100,100,100,0,0,100,100
53.63636364,100,25,0,0,84.69387755,100,100,0,100,100,0,0,83.33333333,100,100
0,100,35.9223301,0,0,0,68.86792453,0,60,100,31.19266055,0,0,0,0,100
0,100,0,63.63636364,0,0,100,100,31.13207547,100,100,100,60,0,100,100
0,100,0,0,0,87.5,100,100,70.12987013,100,100,100,0,0,100,100
0,100,12.37113402,0,0,0,100,100,38.67924528,100,100,100,0,0,100,100
0,100,0,0,0,0,66.66666667,28.57142857,0,100,100,80,0,85.71428571,100,100
85.71428571,100,0,0,0,0,100,100,28.57142857,100,0,0,60,80,100,100
78.65168539,100,0,0,0,87.5,100,100,0,100,100,100,0,100,100,100
0,100,44.23076923,0,0,0,41.88034188,100,0,100,100,100,60,80,100,100
0,100,6.666666667,0,0,46.05263158,100,100,0,100,100,0,0,100,100,100
55.55555556,100,10.20408163,77.65957447,0,0,66.01941748,75,12.98701299,100,17.47572816,100,85.71428571,0,100,100
0,100,0,0,0,0,100,75,8.43373494,100,100,83.33333333,66.66666667,100,100,100
0,100,62.96296296,78.08219178,0,0,66.66666667,20.21276596,0,100,100,100,60,80,100,100
0,100,68.13186813,67.08860759,0,0,41.34615385,78.5046729,75,100,72.61904762,0,0,100,100,100
0,100,49.56521739,0,12.5,0,47.25274725,100,82.29166667,100,100,80,0,0,100,100
23.80952381,100,0,0,0,0,38.79310345,100,0,100,27.77777778,0,0,0,100,100
78.02197802,100,0,0,81.6091954,83.33333333,100,100,79.27927928,100,100,100,0,100,100,100
78.72340426,100,0,0,0,0,100,66.66666667,19.13043478,100,66.66666667,100,0,100,100,100
72.97297297,100,57.52212389,0,66.66666667,24.76190476,100,100,2.654867257,100,100,100,60,100,100,100
0,100,0,21.97802198,0,0,40,66.66666667,71.42857143,100,45.45454545,100,50,0,100,100
0,100,0,0,0,0,85.39325843,100,20,100,60,75,66.66666667,100,50,100
0,100,0,75.82417582,0,70.83333333,100,75,12.5,100,100,100,100,75,100,100
37.14285714,100,0,0,68.96551724,0,100,34.48275862,0,100,37.5,100,0,80,100,100
0,100,87.5,0,0,52.77777778,27.17391304,75,93.10344828,100,66.66666667,100,100,0,100,100
0,100,39,0,0,0,62.62626263,100,75,100,100,100,0,100,100,100
0,100,49.56521739,0,0,0,100,0,83.80952381,100,100,0,0,83.33333333,100,100
0,100,0,87.01298701,0,0,100,100,71.05263158,100,100,100,71.42857143,100,100,100
94.11764706,100,0,31.06796117,0,44.30379747,100,100,28.57142857,100,100,100,83.33333333,100,100,100
0,100,75,87.5,0,0,100,100,19.13043478,100,100,100,87.5,100,100,100
87.5,100,87.5,0,47.16981132,97.14285714,100,100,46.15384615,100,100,100,60,100,100,100
0,100,0,54.08163265,0,5.714285714,38.35616438,66.37931034,0,100,36.03603604,100,60,100,0,100
0,100,58.03571429,43.29896907,0,0,53.06122449,100,0,100,100,0,100,100,100,100
0,100,96.42857143,45.55555556,0,0,72.09302326,100,87.5,100,66.66666667,100,100,80,100,100
0,100,4.166666667,0,0,62.5,100,100,32.94117647,100,100,100,60,85.71428571,100,100
88.88888889,100,0,0,0,24.69135802,100,29.03225806,0,100,100,80,0,100,100,100
0,100,0,65.06024096,0,96.15384615,36.26373626,100,61.81818182,100,50.4950495,100,0,80,100,100
0,100,0,4.12371134,0,94.73684211,50,100,0,100,75.67567568,100,100,66.66666667,0,100
70.12987013,100,85.71428571,0,8.333333333,61.9047619,100,0,53.46534653,100,100,100,0,100,100,100
0,100,0,22,0,84.04255319,59.77011494,20,18.42105263,100,50,83.33333333,60,66.66666667,100,100
0,100,0,87.5,0,0,100,100,0,100,100,100,94.73684211,100,100,100
22.80701754,100,83.16831683,0,87.5,37.5,83.5443038,71.27659574,0,100,71.30434783,100,71.42857143,100,100,100
40.22988506,100,0,0,0,11.36363636,100,100,0,100,100,83.33333333,66.66666667,100,100,100
94.11764706,100,40,46.15384615,0,0,100,100,87.5,100,100,0,100,83.33333333,100,100
0,100,0,59.40594059,0,71.27659574,100,100,0,100,100,100,71.42857143,0,100,100
24.76190476,100,0,42.85714286,0,94.87179487,66.66666667,68.75,62.28070175,100,100,0,0,0,100,100
0,100,0,0,0,0,100,100,0,100,100,0,0,0,100,100
27.16049383,100,40.74074074,10.34482759,0,57.27272727,100,0,58.33333333,100,100,100,85.71428571,100,100,100
0,100,0,0,14.28571429,0,100,66.66666667,81.91489362,100,100,0,100,0,100,100
0,100,0,87.5,0,0,100,0,14.58333333,100,100,100,60,100,100,100
5,100,0,0,68.96551724,22.33009709,24.07407407,77.19298246,83.33333333,100,68.36734694,100,85.71428571,85.71428571,100,100
0,100,60.97560976,0,0,35.44303797,100,100,57.14285714,100,100,100,100,100,100,100
0,100,0,0,0,59.79381443,100,100,85.71428571,100,100,100,60,0,100,100
0,100,0,0,56.57894737,0,100,100,53.7037037,100,100,100,0,100,100,100
40,100,0,0,17.39130435,0,66.66666667,50,0,100,25.97402597,0,71.42857143,83.33333333,100,100
0,100,0,0,0,0,52.68817204,0,0,100,100,100,60,87.5,50,100
0,100,0,0,87.5,43.75,100,100,87.5,100,100,100,80,100,100,100
0,100,0,0,43.90243902,0,100,100,74.02597403,100,69.82758621,75,83.33333333,80,100,100
70.73170732,100,0,0,0,6.730769231,100,0,0,100,100,100,0,0,100,100
0,100,0,17.39130435,0,0,100,100,0,100,100,100,0,83.33333333,100,100
0,100,0,0,42.5,0,40,79.09090909,0,100,62.5,0,85.71428571,0,100,100
71.42857143,100,0,30.76923077,0,55.96330275,100,100,98.46153846,100,100,0,60,100,100,100
0,100,0,0,94.79166667,19.23076923,0,100,0,100,100,0,0,100,100,100
0,100,50,0,31.48148148,37.86407767,100,100,60,100,100,100,66.66666667,100,100,100
0,100,0,0,0,62.5,100,50,0,100,100,100,60,0,100,100
42.39130435,100,67.70833333,26.26262626,0,0,100,100,0,100,100,0,60,100,100,100
0,100,0,0,66.23376623,73.75,100,100,95.23809524,100,100,0,71.42857143,100,100,100
0,100,0,64.19753086,26.96629213,0,100,100,0,100,100,100,0,80,50,100
40,100,0,0,0,0,60.71428571,40.35087719,0,100,63.04347826,80,60,100,100,100
0,100,0,0,0,0,6.493506494,73.86363636,0,100,100,0,0,66.66666667,100,100
0,100,0,0,0,0,100,57.14285714,0,100,66.66666667,100,60,100,100,100
0,100,0,0,74.15730337,0,100,35.41666667,0,100,60,80,66.66666667,100,100,100
30.43478261,100,35.8490566,0,51.85185185,38.38383838,100,100,0,100,100,100,83.33333333,0,100,100
0,100,62.06896552,0,0,37.5,100,100,0,100,50,0,71.42857143,100,100,100
0,100,41.7721519,0,55.14018692,0,100,100,0,100,100,100,60,100,0,100
0,100,0,0,65.30612245,0,100,60,3.260869565,100,56.96202532,100,0,100,100,100
0,100,0,0,0,0,66.66666667,64.44444444,0,100,30.37974684,87.5,60,75,100,100
13.54166667,100,0,35.39823009,3.883495146,0,100,100,52.94117647,100,100,85.71428571,85.71428571,0,100,100
0,100,6.25,75,0,0,75.58139535,22.35294118,0,100,34.61538462,80,71.42857143,80,100,100
0,100,70.83333333,85.71428571,0,0,100,100,67.94871795,100,100,0,60,100,100,100
46.53465347,100,54.45544554,0,79.43925234,0,100,100,16.66666667,100,100,83.33333333,85.71428571,100,100,100
59.79381443,100,32.72727273,0,0,0,100,100,0,100,0,100,0,100,100,100
47.72727273,100,20,0,0,0,50,39.39393939,0,100,20,100,75,100,100,100
0,100,0,75,0,78.49462366,40.4494382,27.90697674,0,100,100,100,0,100,100,100
37.73584906,100,0,0,72.64150943,0,100,100,71.42857143,100,50,0,83.33333333,0,100,100
0,100,53.63636364,34.02061856,0,0,56.52173913,45.37037037,0,100,75.78947368,100,71.42857143,100,100,100
47.05882353,100,0,0,74.66666667,0,100,0,56.79012346,100,100,0,0,100,100,100
86.66666667,100,0,5.504587156,0,0,100,100,66.27906977,100,100,0,0,100,100,100
0,100,0,0,96.875,9.345794393,100,100,71.42857143,100,100,75,60,100,100,100
0,100,35.44303797,0,0,0,66.66666667,12.61261261,0,100,66.66666667,100,0,80,100,100
0,100,0,0,38.15789474,37.5,100,100,0,100,40.56603774,100,0,100,100,100
0,100,91.30434783,22.22222222,0,0,100,4.938271605,0,100,66.66666667,0,0,0,100,100
0,100,17.5257732,54.45544554,0,0,33.33333333,48.27586207,0,100,74.02597403,100,100,100,100,100
0,100,0,0,0,0,64.54545455,74.13793103,66.98113208,100,100,100,60,0,100,100
62.5,100,0,0,73.19587629,0,70.70707071,68.80733945,36,100,63.51351351,100,85.71428571,100,100,100
7.843137255,100,0,0,0,72.83950617,100,42.30769231,0,100,71.42857143,66.66666667,80,0,50,100
61.76470588,100,25.64102564,0,0,0,100,76.74418605,0,100,66.66666667,83.33333333,75,100,100,100
85.58558559,100,0,0,0,0,62.72727273,60.71428571,48.67256637,100,52.74725275,100,66.66666667,100,100,100
37.37373737,100,0,83.33333333,0,0,100,0,0,100,100,100,85.71428571,80,100,100
62.76595745,100,26.58227848,0,0,44.21052632,66.66666667,76.25,0,100,100,100,60,100,50,100
75.92592593,100,0,0,0,0,100,100,0,100,30.27522936,100,0,100,100,100
0,100,0,50.56179775,22.47191011,5.454545455,100,0,0,100,100,0,80,100,100,100
60.21505376,100,64.54545455,0,12.32876712,0,100,100,0,100,100,0,60,100,100,100
4.938271605,100,0,0,0,0,50,27.27272727,96.96969697,100,66.66666667,0,50,100,100,100
0,100,0,46.91358025,0,78.66666667,50,32.47863248,50.96153846,100,66.66666667,50,71.42857143,100,50,100
30.95238095,100,0,0,0,0,44.11764706,100,17.5,100,0,100,0,100,100,100
0,100,0,0,66.27906977,0,100,50,86.66666667,100,100,0,60,100,100,100
0,100,0,0,0,0,100,100,40,100,100,100,60,0,100,100
29.87012987,100,0,60,0,0,100,100,60,100,100,100,0,100,100,100
71.23287671,100,0,0,0,95.68965517,100,100,0,100,100,87.5,60,100,100,100
5.309734513,100,0,0,42.39130435,0,100,100,30.47619048,100,100,100,66.66666667,80,100,100
0,100,81.30841121,0,0,0,100,50,0,100,100,0,80,100,100,100
25,100,13.63636364,0,0,40.35087719,100,100,6.315789474,100,100,85.71428571,0,100,100,100
0,100,95.23809524,75,0,0,100,100,0,100,100,0,0,100,100,100
0,100,0,0,40,0,54.12844037,100,53.84615385,100,44.23076923,100,0,100,100,100
0,100,0,0,18.18181818,0,0,100,81.03448276,100,100,80,60,100,100,100
87.5,100,0,73.25581395,75.67567568,0,50,100,35.39823009,100,100,100,85.71428571,100,100,100
62.93103448,100,0,0,0,0,33.76623377,66.66666667,56.88073394,100,100,100,60,100,100,100
0,100,0,0,70.78651685,87.5,100,0,0,100,100,100,60,100,100,100
0,100,0,0,0,0,100,75,72.54901961,100,0,100,75,100,100,100
0,100,0,0,0,30.27522936,100,66.66666667,0,100,100,80,60,100,100,100
0,100,76.31578947,0,0,37.39130435,80.39215686,66.66666667,0,100,56.97674419,100,75,0,100,100
0,100,98.33333333,0,0,0,100,100,44.44444444,100,100,100,60,100,100,100
43.24324324,100,52.77777778,0,58.66666667,0,100,100,0,100,100,100,85.71428571,100,100,100
0,100,46.80851064,0,0,0,35.71428571,24.78632479,26.02739726,100,42.85714286,85.71428571,0,100,100,100
64.13043478,100,0,0,37.5,0,100,100,85.71428571,100,100,100,60,100,100,100
71.30434783,100,0,68.42105263,0,47.36842105,56.57894737,74.76635514,27.77777778,100,100,0,71.42857143,100,50,100
0,100,48.27586207,0,0,0,100,100,65.42056075,100,100,100,66.66666667,100,100,100
0,100,0,61.79775281,0,81.48148148,100,52.05479452,69.13580247,100,100,0,0,100,0,100
0,100,42.85714286,72.97297297,0,0,100,100,0,100,10.52631579,100,0,100,100,100
0,100,0,32.11009174,0,0,70.88607595,87.5,74.19354839,100,67.9245283,100,87.5,80,100,100
0,100,22.33009709,0,0,25,100,71.42857143,0,100,66.66666667,100,0,0,100,100
0,100,0,20,75,0,66.66666667,100,62.35294118,100,100,80,0,0,100,100
0,100,0,65.48672566,8.602150538,66.31578947,100,79.09090909,0,100,100,100,0,100,100,100
0,100,75,0,15,0,100,100,0,100,100,100,60,100,100,100
55.26315789,100,0,75,90,18.42105263,66.37168142,60,7.547169811,100,26.31578947,0,71.42857143,100,100,100
0,100,0,0,0,0,50,33.01886792,0,100,50,100,60,100,100,100
0,100,20,0,31.03448276,0,100,100,76.71232877,100,100,75,60,80,100,100
0,100,0,0,0,0,100,100,0,100,73.07692308,100,87.5,87.5,0,100
0,100,94.28571429,87.5,87.5,0,100,66.66666667,0,100,65.90909091,100,75,0,50,100
0,100,0,0,0,25,50.94339623,100,39.75903614,100,0,100,66.66666667,100,100,100
0,100,93.39622642,47.70642202,0,47.82608696,100,100,0,100,100,0,0,100,100,100
12.5,100,94.11764706,35.45454545,0,0,100,100,60.52631579,100,100,100,60,100,100,100
0,100,87.5,87.5,0,4.95049505,100,100,0,100,100,87.5,0,0,100,100
29.31034483,100,0,21.78217822,82.92682927,0,100,0,10.75268817,100,100,100,60,87.5,100,100
0,100,0,14.28571429,5.172413793,0,100,0,94.28571429,100,100,100,83.33333333,0,100,100
47.31182796,100,0,0,0,7.792207792,80,75,0,100,100,87.5,0,0,100,100
37.36263736,100,0,0,0,66.66666667,56,62.3853211,0,100,100,100,60,100,66.66666667,100
70.58823529,100,20,0,0,75.47169811,100,100,0,100,100,0,0,0,50,100
22.42990654,100,0,0,22.78481013,83.33333333,100,100,0,100,100,0,0,100,100,100
0,100,0,80.53097345,70.27027027,0,100,60,0,100,19.60784314,80,0,100,100,100
0,100,0,0,80.39215686,91.30434783,45.87155963,35,40,100,84.81012658,50,66.66666667,80,50,100
0,100,0,0,0,87.5,100,79.46428571,99.32885906,100,65.59139785,100,66.66666667,100,100,100
57.14285714,100,0,0,75.6097561,0,100,100,55.68181818,100,100,100,50,0,100,100
59.57446809,100,0,0,46.31578947,0,54.32098765,100,0,100,100,100,75,100,100,100
0,100,82.89473684,5.128205128,0,13.15789474,100,0,0,100,100,100,0,100,100,100
0,100,71.42857143,37.86407767,0,69.76744186,72.72727273,60,23.07692308,100,66.66666667,85.71428571,60,100,100,100
0,100,0,0,0,0,100,50,43.96551724,100,100,100,60,100,100,100
68.23529412,100,17.64705882,0,0,0,100,100,45.71428571,100,100,100,0,100,100,100
46.73913043,100,48,0,64.1025641,0,100,100,0,100,50,100,100,0,100,100
0,100,67.5,58.03571429,0,0,100,50,20,100,49.43820225,0,0,100,100,100
0,100,2.564102564,94.87179487,86.66666667,0,100,100,0,100,100,100,0,100,100,100
0,100,87.5,79.04761905,18.62745098,0,100,0,13.88888889,100,100,100,50,100,100,100
0,100,96.66666667,65,0,0,100,100,0,100,100,100,0,100,100,100
0,100,14.28571429,70.37037037,45.91836735,69.73684211,100,100,0,100,0,75,50,0,100,100
71.25,100,63.54166667,0,0,88.88888889,78.26086957,100,51.92307692,100,0,100,0,100,100,100
0,100,79.72972973,0,0,12.96296296,100,100,78.0952381,100,100,100,85.71428571,85.71428571,100,100
36.9047619,100,0,0,0,0,100,100,0,100,100,94.44444444,60,0,100,100
0,100,0,61.33333333,0,0,100,100,82.52427184,100,100,100,0,100,100,100
0,100,0,0,0,0,70.10309278,100,10.81081081,100,77,100,60,100,100,100
96.2962963,100,87.5,62.5,52.3255814,0,33.33333333,100,85.71428571,100,100,100,66.66666667,100,100,100
25,100,0,76.19047619,25.45454545,0,0,100,0,100,100,100,0,100,100,100
0,100,0,0,0,0,100,75.86206897,0,100,100,0,75,0,0,100
63.04347826,100,70.83333333,0,60,64.36781609,0,100,58.88888889,100,100,100,0,0,100,100
0,100,0,0,0,0,100,0,44.03669725,100,50,100,0,100,100,100
0,100,4.545454545,0,0,76.41509434,54.36893204,64.63414634,0,100,63.20754717,100,71.42857143,100,100,100
0,100,0,0,91.66666667,52.5,100,0,33.33333333,100,100,0,0,100,100,100
0,100,0,62.5,0,0,100,100,0,100,100,0,0,100,100,100
0,100,40,0,0,21.95121951,0,100,0,100,100,100,100,100,100,100
0,100,0,0,18.91891892,70.87378641,100,100,0,100,100,100,60,100,100,100
57.69230769,100,2.608695652,0,0,0,100,100,20,100,100,0,66.66666667,80,100,100
0,100,0,0,0,71.42857143,100,100,0,100,100,0,71.42857143,100,100,100
0,100,0,40,0,0,43.95604396,100,0,100,76.84210526,0,71.42857143,80,100,100
0,100,0,0,0,0,100,64.9122807,0,100,50,100,87.5,80,100,100
83.11688312,100,0,0,0,69.47368421,100,86.20689655,0,100,50,80,71.42857143,80,100,100
0,100,0,0,73.33333333,30.90909091,28.30188679,71.42857143,28.57142857,100,50,100,100,100,100,100
93.33333333,100,85.71428571,80.43478261,94.11764706,0,64.28571429,71.42857143,0,100,100,0,100,83.33333333,100,100
0,100,0,92,0,14.28571429,100,20.43010753,14.5631068,100,55.76923077,80,66.66666667,66.66666667,100,100
0,100,52.67857143,0,0,54.05405405,36.17021277,64.04494382,71.42857143,100,80.82191781,100,87.5,0,100,100
0,100,0,85.71428571,26.92307692,14.28571429,50,66.66666667,60,100,79.54545455,100,60,100,100,100
59.79381443,100,0,0,8.771929825,0,71.15384615,100,0,100,100,0,87.5,100,100,100
0,100,0,0,0,60.3960396,48.45360825,47.77777778,0,100,54.54545455,100,71.42857143,0,100,100
0,100,39.09090909,4.464285714,96.42857143,0,100,100,32.03883495,100,100,100,60,100,100,100
0,100,0,15.11627907,0,0,50,75.94936709,0,100,75,80,0,80,100,100
36.2745098,100,0,52.63157895,54.25531915,0,100,100,31.16883117,100,100,100,0,100,100,100
33.01886792,100,0,44.34782609,0,0,100,100,94.87179487,100,100,100,60,80,100,100
87.5,100,50,0,0,26.41509434,100,100,0,100,100,83.33333333,60,80,100,100
0,100,0,64.21052632,0,0,42.59259259,100,23.07692308,100,75,100,0,100,100,100
0,100,0,0,0,0,77.39130435,100,43.24324324,100,33.04347826,100,50,100,100,100
12.16216216,100,0,0,0,66.01941748,100,100,42.85714286,100,0,100,80,75,100,100
0,100,0,0,0,12.08791209,38.0952381,100,0,100,58.82352941,0,60,100,100,100
0,100,39.24050633,0,87.5,13.15789474,100,100,68.96551724,100,100,0,87.5,100,100,100
0,100,47.61904762,0,0,0,100,100,66.66666667,100,100,100,0,100,100,100
47.05882353,100,64,32.25806452,0,0,100,100,0,100,0,0,87.5,0,100,100
62.74509804,100,0,9.615384615,0,0,75.72815534,55.96330275,27.36842105,100,100,83.33333333,60,0,100,100
56.38297872,100,0,64.1509434,0,78.0952381,100,59.45945946,0,100,100,85.71428571,87.5,100,50,100
87.5,100,40.54054054,84.7826087,62.19512195,0,100,55.68181818,0,100,66.03773585,83.33333333,0,85.71428571,100,100
0,100,0,8.333333333,0,0,100,100,0,100,61.38613861,100,60,0,100,100
34.09090909,100,38.73873874,0,93.33333333,0,16.66666667,66.66666667,0,100,62.5,100,66.66666667,100,100,100
11.39240506,100,0,0,94.11764706,0,35.44303797,62.96296296,72.34042553,100,100,100,60,100,100,100
0,100,43.24324324,0,0,0,50,100,40,100,68.75,80,60,83.33333333,100,100
84.41558442,100,96.42857143,47.57281553,0,0,44.32989691,50,86.48648649,100,76.85185185,75,60,66.66666667,0,100
95.23809524,100,0,0,35.51401869,0,100,34.93975904,0,100,48.59813084,100,0,100,100,100
0,100,24,0,0,0,100,66.66666667,0,100,100,100,85.71428571,100,100,100
0,100,4.62962963,0,0,0,100,100,0,100,48.61111111,100,85.71428571,100,100,100
0,100,0,30.68181818,0,0,100,66.66666667,24.65753425,100,100,100,80,100,100,100
21.15384615,100,75,60,23.71134021,0,100,100,78.94736842,100,100,96.15384615,87.5,100,100,100
0,100,66.29213483,0,0,0,100,100,30.95238095,100,100,0,60,0,100,100
74.28571429,100,14.28571429,25.43859649,0,78.94736842,27.45098039,36.66666667,46.78899083,100,70.83333333,0,60,0,100,100
0,100,0,0,0,9.89010989,72.47706422,33.33333333,0,100,66.66666667,100,60,0,100,100
78.49462366,100,9.401709402,0,0,13.08411215,89.13043478,66.66666667,87.5,100,46.83544304,100,0,93.75,100,100
0,100,14.28571429,39.24050633,60.86956522,0,100,100,0,100,100,100,60,100,100,100
28.57142857,100,78.20512821,87.5,0,0,100,100,4.347826087,100,100,100,0,0,100,100
0,100,27.08333333,0,0,0,100,100,0,100,100,100,0,100,100,100
0,100,0,52.04081633,0,0,100,17.43119266,24.71910112,100,71.42857143,100,50,100,100,100
52.08333333,100,52.99145299,79.51807229,0,0,100,100,74.44444444,100,100,0,0,100,100,100
0,100,0,41.96428571,0,87.5,100,100,0,100,100,80,66.66666667,100,100,100
0,100,0,11.9047619,0,0,100,100,75.94936709,100,100,100,77.77777778,100,100,100
6.18556701,100,47.82608696,93.33333333,58.97435897,0,100,100,0,100,100,100,0,100,100,100
64.70588235,100,0,0,50,0,100,100,97.14285714,100,66.66666667,100,0,100,0,100
0,100,0,0,0,0,100,100,0,100,100,83.33333333,60,85.71428571,100,100
0,100,70.27027027,0,0,81.63265306,100,100,68.26923077,100,100,100,60,83.33333333,100,100
0,100,0,0,0,74.02597403,60,100,9.677419355,100,100,100,92.30769231,100,100,100
74.35897436,100,0,0,95.23809524,73.62637363,100,100,31.77570093,100,100,85.71428571,71.42857143,100,100,100
53.06122449,100,56.31067961,0,0,0,100,100,0,100,100,100,87.5,100,100,100
92.30769231,100,0,0,0,0,100,100,0,100,100,0,0,100,100,100
0,100,0,38.46153846,0,81.25,100,33.75,0,100,85.71428571,100,60,100,100,100
50,100,0,0,0,28.23529412,100,100,0,100,100,87.5,100,100,100,100
0,100,75.86206897,0,51.32743363,0,100,100,35.10638298,100,100,100,66.66666667,100,100,100
0,100,0,0,54.65116279,0,100,60,0,100,31.70731707,87.5,0,100,66.66666667,100
0,100,0,0,0,0,100,0,50.4587156,100,100,0,60,100,100,100
63.75,100,0,0,30.17241379,0,100,100,56.62650602,100,100,100,0,100,100,100
0,100,76.25,71.95121951,28.91566265,0,100,66.66666667,3.03030303,100,0,100,87.5,100,100,100
0,100,0,0,0,0,63.7254902,54.12844037,0,100,100,0,0,100,100,100
87.5,100,0,0,0,0,28.86597938,100,71.11111111,100,100,100,0,100,100,100
9.574468085,100,37.34939759,11.00917431,0,0,64.21052632,0,85.71428571,100,60,60,100,66.66666667,100,100
0,100,0,65.59139785,0,0,37.5,100,73.07692308,100,100,100,100,100,100,100
88.23529412,100,0,48.03921569,37.93103448,94.87179487,100,0,87.5,100,100,0,85.71428571,80,100,100
0,100,0,0,50.54945055,0,70.19230769,70,0,100,100,100,60,83.33333333,100,100
95,100,0,0,0,0,100,100,27.77777778,100,100,83.33333333,71.42857143,100,100,100
0,100,0,96.77419355,10.09174312,36.89320388,100,100,0,100,12.34567901,100,60,100,100,100
65.45454545,100,0,54.05405405,0,0,85.71428571,52.43902439,0,100,100,100,60,100,100,100
0,100,0,0,0,0,75,100,65.38461538,100,100,80,75,100,100,100
0,100,0,62.72727273,0,0,100,71.42857143,0,100,100,83.33333333,87.5,85.71428571,50,100
0,100,8.181818182,0,0,0,100,100,0,100,100,0,0,0,100,100
0,100,95.65217391,0,0,0,31.46067416,100,0,100,31.91489362,100,0,0,50,100
0,100,0,0,0,28.57142857,100,100,61.9047619,100,100,100,50,100,100,100
0,100,0,0,64.54545455,0,100,100,41.02564103,100,100,100,0,0,100,100
28.94736842,100,0,0,0,57.14285714,100,100,0,100,100,100,60,100,100,100
0,100,0,0,94.87179487,0,100,100,0,100,100,0,66.66666667,100,100,100
0,100,0,74.76635514,0,75,100,100,0,100,100,100,60,100,100,100
3.921568627,100,30.66666667,7.692307692,0,0,59.2920354,50,63.88888889,100,76.47058824,100,95,100,100,100
0,100,0,71.42857143,0,0,100,0,0,100,100,100,85.71428571,0,100,100
0,100,0,0,0,0,0,75,25,100,50,0,0,100,100,100
96.15384615,100,0,0,0,83.03571429,100,100,83.33333333,100,100,0,66.66666667,100,100,100
56.56565657,100,87.5,0,96.55172414,0,100,100,0,100,100,0,60,0,100,100
25.68807339,100,0,0,0,0,60,100,0,100,80,87.5,80,66.66666667,100,100
53.33333333,100,0,53.60824742,55.05617978,74,100,43.83561644,74.03846154,100,61.40350877,100,60,100,100,100
0,100,0,0,0,0,100,100,83.90804598,100,100,100,0,100,100,100
30.35714286,100,59.45945946,10.63829787,34.24657534,55.69620253,100,38.35616438,47.2972973,100,23.40425532,66.66666667,85.71428571,100,100,100
87.5,100,0,0,75,43.75,100,100,0,100,100,100,50,100,100,100
97.5,100,0,0,0,12.5,100,71.42857143,0,100,75,0,0,0,100,100
0,100,0,31.50684932,51.38888889,80.8988764,100,66.66666667,0,100,100,0,66.66666667,100,100,100
25.47169811,100,30.86419753,82.52427184,0,49.55752212,100,100,54.79452055,100,100,100,0,0,100,100
71.42857143,100,0,74.52830189,0,0,100,0,0,100,100,87.5,87.5,100,100,100
0,100,0,0,18.47826087,53.21100917,75,57.14285714,86.17021277,100,8.571428571,100,60,0,0,100
0,100,0,0,0,0,100,100,0,100,100,0,71.42857143,100,100,100
43.92523364,100,12.5,85.71428571,4.301075269,80,100,100,0,100,100,100,85.71428571,75,100,100
0,100,96.36363636,0,0,0,100,100,61.68224299,100,100,0,0,0,100,100
49.39759036,100,60,0,13.33333333,0,100,100,61.53846154,100,100,100,60,100,100,100
0,100,75,0,93.69369369,0,88.88888889,74.71264368,53.68421053,100,100,100,0,100,0,100
0,100,61.32075472,0,0,0,100,0,0,100,100,96.875,100,100,100,100
0,100,0,0,44.31818182,0,100,100,77.21518987,100,100,100,60,100,100,100
0,100,0,22.47191011,0,0,100,100,82.27848101,100,100,83.33333333,0,80,100,100
44.76190476,100,0,0,0,33.33333333,50,83.78378378,0,100,0,100,0,100,100,100
53.63636364,100,76.19047619,0,0,0,6.578947368,61.2244898,0,100,100,100,0,100,100,100
42.70833333,100,0,0,0,0,100,100,0,100,100,100,85.71428571,80,100,100
0,100,0,0,56.41025641,0,100,100,0,100,100,100,75,100,100,100
4.347826087,100,0,64.44444444,0,0,100,0,59.34065934,100,100,100,75,100,100,100
95.23809524,100,71.05263158,65,0,0,0,0,0,100,100,100,0,0,100,100
0,100,58.65384615,0,62.24489796,0,77.02702703,100,0,100,57.26495726,87.5,0,100,100,100
0,100,50,30.55555556,18.27956989,5.504587156,0,100,0,100,100,100,0,100,100,100
50,100,0,0,0,0,75,100,0,100,100,80,0,100,100,100
0,100,0,0,31.73076923,71.42857143,100,100,14.67889908,100,100,100,0,0,100,100
0,100,0,0,0,0,100,100,90.90909091,100,0,85.71428571,100,100,100,100
25.80645161,100,0,7.142857143,46.95652174,0,100,0,11.71171171,100,100,100,87.5,100,100,100
0,100,0,24.41860465,0,0,100,100,91.66666667,100,100,100,66.66666667,0,100,100
0,100,27.43362832,5.309734513,0,0,79.6460177,100,0,100,100,80,60,100,100,100
27.65957447,100,65.34653465,93.75,50.4587156,0,100,70.68965517,83.33333333,100,60,100,60,75,100,100
0,100,17.72151899,0,29.80769231,31.37254902,100,77.45098039,0,100,100,66.66666667,85.71428571,83.33333333,100,100
87.5,100,0,0,42.42424242,62.5,100,100,45.20547945,100,79.72972973,80,87.5,83.33333333,100,100
0,100,0,0,45.88235294,27.65957447,47.16981132,61.95652174,0,100,32.92682927,80,0,100,100,100
50,100,0,0,0,76.28865979,62.5,100,0,100,100,0,71.42857143,100,100,100
0,100,0,0,0,0,50,70,74.76635514,100,66.66666667,83.33333333,0,100,100,100
69.87951807,100,0,0,80,19.8019802,100,31.52173913,0,100,42.34234234,100,0,80,100,100
37.38317757,100,0,13.82978723,0,94.18604651,100,100,71.42857143,100,46.55172414,0,0,87.5,100,100
0,100,0,0,0,0,78.75,27.18446602,0,100,66.66666667,83.33333333,0,100,100,100
0,100,0,0,0,0,100,0,0,100,100,100,0,100,100,100
0,100,0,0,10.52631579,68.35443038,45.34883721,0,0,100,6.896551724,80,0,0,100,100
0,100,0,15.65217391,0,0,100,100,62.83185841,100,100,100,0,100,100,100
0,100,76.31578947,0,0,0,0,100,17.80821918,100,0,100,0,0,100,100
0,100,0,0,0,0,100,100,0,100,100,100,60,0,100,100
0,100,76.13636364,11.49425287,0,0,100,23.91304348,0,100,100,83.33333333,85.71428571,0,100,100
64.86486486,100,0,0,34.34343434,0,100,66.66666667,66.66666667,100,60,100,85.71428571,100,100,100
0,100,69.47368421,75,0,34.65346535,100,100,94.59459459,100,100,100,75,87.5,100,100
16.66666667,100,42.85714286,0,0,0,100,19.8019802,0,100,100,100,71.42857143,100,100,100
56.88073394,100,79.48717949,0,66.66666667,8.045977011,0,0,83.17757009,100,100,0,88.88888889,100,100,100
74.50980392,100,52.94117647,0,0,0,100,100,0,100,100,0,60,83.33333333,100,100
0,100,0,37.27272727,0,0,100,100,0,100,100,80,0,80,100,100
67.53246753,100,0,0,37.83783784,81.89655172,36.70886076,64.81481481,27.83505155,100,66.66666667,100,0,100,100,100
0,100,0,0,0,0,87.23404255,73.5042735,58.58585859,100,100,0,71.42857143,100,100,100
0,100,95.23809524,0,0,40,58.82352941,66.66666667,14.28571429,100,42.85714286,100,0,85.71428571,100,100
0,100,87.5,0,0,94.54545455,66.66666667,54.45544554,0,100,50,100,60,97.5,100,100
0,100,25,0,72.72727273,0,60,45.45454545,47.11538462,100,17.27272727,100,66.66666667,0,100,100
98.97959184,100,0,86.73469388,0,0,100,100,0,100,47.87234043,100,71.42857143,100,100,100
46.73913043,100,0,0,0,0,62.3655914,2.654867257,0,100,100,66.66666667,100,0,100,100
0,100,0,0,0,0,100,55.33980583,26.5060241,100,81.6091954,85.71428571,85.71428571,80,66.66666667,100
0,100,87.5,0,0,0,100,40.86021505,0,100,0,80,71.42857143,0,100,100
73.58490566,100,0,69.81132075,0,52.08333333,100,100,60,100,100,100,0,0,100,100
75,100,0,0,13.48314607,0,100,100,71.42857143,100,27.08333333,100,75,100,100,100
0,100,16.66666667,32.69230769,0,0,60,100,58.16326531,100,62.88659794,100,85.71428571,100,100,100
0,100,0,42.66666667,0,46.95652174,100,100,0,100,100,100,60,100,100,100
0,100,0,0,0,0,100,100,0,100,100,100,0,100,100,100
3.539823009,100,13.69863014,0,65.2173913,0,77.10843373,35.23809524,87.5,100,66.66666667,100,66.66666667,80,100,100
0,100,22.72727273,40.7079646,0,0,82.72727273,100,16.66666667,100,50,85.71428571,66.66666667,100,100,100
0,100,0,56.75675676,0,0,72.34042553,50,68.04123711,100,50,100,0,100,0,100
52.27272727,100,0,0,0,46.34146341,50,66.66666667,93.93939394,100,100,0,0,100,100,100
30.63063063,100,0,0,0,0,100,0,42.47787611,100,100,100,85.71428571,100,100,100
0,100,0,0,3.125,0,100,100,54.16666667,100,100,100,0,100,100,100
0,100,0,0,0,74.19354839,50,71.25,17.30769231,100,24.03846154,100,66.66666667,100,100,100
87.5,100,67.03296703,0,29.35779817,0,100,0,0,100,100,75,75,0,100,100
87.05882353,100,82.66666667,18.36734694,0,87.5,0,100,0,100,100,100,66.66666667,100,100,100
0,100,0,0,94.28571429,0,100,100,0,100,100,100,0,100,100,100
0,100,0,0,48.93617021,96.66666667,0,0,79.61165049,100,100,0,100,0,100,100
65.88235294,100,0,62.85714286,87.5,29.76190476,100,0,0,100,100,100,0,75,100,100
50.42735043,100,75,97.36842105,35.35353535,0,100,100,34.21052632,100,0,83.33333333,50,100,100,100
0,100,0,0,54.21686747,25.58139535,100,100,0,100,100,100,0,100,100,100
35.63218391,100,6.194690265,0,75,0,71.42857143,66.66666667,56.89655172,100,100,100,0,100,100,100
0,100,0,0,0,28.57142857,100,100,0,100,100,0,60,100,100,100
65.95744681,100,83.49514563,0,0,0,100,0,26.88172043,100,100,83.33333333,0,100,100,100
0,100,53.65853659,16.66666667,16,68.6746988,100,100,80,100,100,100,50,75,100,100
0,100,0,0,48.27586207,79.62962963,71.42857143,26.1682243,0,100,100,100,0,100,0,100
0,100,48.95833333,58.33333333,0,0,100,100,83.33333333,100,100,83.33333333,0,100,100,100
0,100,0,75,0,55.23809524,100,100,79.48717949,100,100,100,60,100,100,100
0,100,27.16049383,0,0,92.59259259,0,65,99.45652174,100,34.02061856,100,60,80,50,100
0,100,0,0,0,0,100,100,0,100,50,75,87.5,100,100,100
71.69811321,100,0,0,0,0,75,100,0,100,50,0,0,100,50,100
64.21052632,100,0,0,0,71.26436782,100,100,0,100,100,100,0,100,100,100
0,100,0,0,69.31818182,0,34.54545455,73.58490566,17.5,100,7.368421053,80,87.5,100,100,100
0,100,48.18181818,0,0,52.21238938,100,74.74747475,62.62626263,100,34,100,100,100,100,100
0,100,0,0,0,37.27272727,100,53.33333333,60,100,100,66.66666667,66.66666667,75,100,100
13.25301205,100,0,0,0,61.70212766,63.88888889,0,0,100,66.66666667,0,0,0,100,100
87.5,100,0,54.32098765,0,0,100,100,60,100,100,97.2972973,0,100,100,100
73.4939759,100,0,0,65.11627907,50,50,71.42857143,0,100,100,100,66.66666667,100,100,100
14.28571429,100,0,0,0,0,100,100,0,100,100,87.5,85.71428571,100,100,100
0,100,81.13207547,60,14.13043478,0,8.139534884,54.38596491,0,100,10,100,66.66666667,0,100,100
0,100,0,0,57.01754386,0,100,100,14.89361702,100,100,100,100,100,100,100
0,100,28.76712329,0,0,10,0,39.13043478,10.84337349,100,100,100,0,75,100,100
0,100,0,0,0,74.35897436,71.42857143,63.73626374,0,100,66.66666667,66.66666667,71.42857143,100,100,100
58.33333333,100,50,0,0,42.20183486,0,100,0,100,100,100,66.66666667,0,100,100
0,100,0,0,95.83333333,18.94736842,100,28.31858407,0,100,74.10714286,100,0,0,100,100
20,100,0,0,71.23287671,0,100,100,0,100,100,100,0,0,100,100
5.333333333,100,42.85714286,0,48.88888889,0,66.66666667,100,0,100,100,100,60,100,100,100
0,100,87.5,93.33333333,0,60,0,100,0,100,100,0,0,100,100,100
48.24561404,100,24.50980392,0,0,74.32432432,100,100,0,100,100,100,0,100,100,100
12.61261261,100,0,0,0,0,100,100,7,100,100,100,60,0,100,100
92.30769231,100,0,0,0,81.25,0,100,0,100,61.11111111,100,60,100,100,100
45.54455446,100,23.89380531,0,0,34.17721519,60,100,0,100,100,0,66.66666667,100,100,100
13.95348837,100,47.19101124,87.5,0,91.66666667,30,100,0,100,60,87.5,100,100,0,100
67.74193548,100,27.95698925,47.22222222,0,25.64102564,0,100,83.49514563,100,100,100,0,80,100,100
87.5,100,0,0,6.52173913,0,62.19512195,20.86956522,91.25,100,75,100,87.5,80,100,100
76.23762376,100,0,0,0,0,66.66666667,13.97849462,0,100,100,50,60,87.5,100,100
0,100,0,0,0,0,100,100,0,100,50,100,71.42857143,100,100,100
0,100,0,75,0,0,100,100,0,100,100,0,0,100,100,100
0,100,0,66.66666667,67.01030928,17.70833333,100,100,0,100,100,0,0,80,50,100
46.01769912,100,0,51.80722892,35.71428571,71.42857143,100,100,48.24561404,100,100,0,0,0,100,100
16.66666667,100,0,0,0,5.405405405,8.910891089,67.04545455,0,100,100,80,60,100,100,100
59.48275862,100,0,0,29.91452991,0,100,100,0,100,100,0,60,0,100,100
0,100,0,0,0,0,100,100,66.66666667,100,100,0,50,0,100,100
82.66666667,100,0,0,0,96,50,100,69.41176471,100,100,0,0,0,100,100
45.63106796,100,0,0,2.912621359,53.60824742,66.66666667,83.33333333,0,100,100,100,0,0,100,100
75.67567568,100,0,0,33.33333333,0,0,100,0,100,100,100,0,100,100,100
44.30379747,100,0,0,0,23.52941176,100,0,98.27586207,100,100,83.33333333,0,100,100,100
0,100,0,0,0,0,100,100,17.94871795,100,100,100,0,100,100,100
0,100,0,0,0,0,100,100,76.38888889,100,100,0,0,100,100,100
75,100,0,43.33333333,0,0,100,39.44954128,40,100,33.33333333,100,0,66.66666667,50,100
0,100,66.66666667,66.23376623,0,0,100,100,31.03448276,100,100,80,50,100,100,100
0,100,54.25531915,0,0,16.66666667,100,100,7.476635514,100,100,100,0,100,100,100
2.777777778,100,0,60,0,87.5,0,100,0,100,50,0,60,75,100,100
30.95238095,100,0,0,24.07407407,16.66666667,85.71428571,72.61904762,0,100,100,0,0,0,100,100
0,100,20,0,0,49.07407407,100,67.34693878,18.18181818,100,60,100,60,100,100,100
83.50515464,100,87.5,98.96907216,0,57.14285714,100,0,34.73684211,100,100,100,60,83.33333333,100,100
37.25490196,100,0,0,10.52631579,0,66.66666667,85.56701031,0,100,52.77777778,87.5,60,83.33333333,100,100
0,100,0,0,31.53153153,0,100,0,0,100,100,0,75,100,100,100
20,100,0,0,0,0,100,100,0,100,100,100,0,80,100,100
0,100,0,33.33333333,0,93.33333333,100,100,0,100,77.41935484,100,0,100,100,100
0,100,50,69.76744186,76.84210526,0,100,0,0,100,100,100,60,100,100,100
0,100,0,0,0,60,100,100,42.85714286,100,100,0,0,100,100,100
0,100,0,78.94736842,39.28571429,0,100,100,46.07843137,100,100,100,100,100,100,100
0,100,0,0,0,0,100,100,84.26966292,100,100,100,0,100,100,100
0,100,0,66.97247706,0,84.3373494,100,0,0,100,100,100,50,100,100,100
0,100,0,0,57.8313253,0,100,0,0,100,0,100,0,100,100,100
0,100,0,2.654867257,53.63636364,0,44.68085106,100,32.5,100,52.42718447,96.875,100,80,100,100
0,100,45.68965517,0,0,0,100,53.15315315,93.5483871,100,100,85.71428571,0,66.66666667,50,100
0,100,0,0,0,0,76.23762376,100,4.310344828,100,34.69387755,66.66666667,87.5,83.33333333,100,100
0,100,0,0,35.06493506,0,50,8.771929825,71.42857143,100,3.669724771,0,66.66666667,66.66666667,100,100
94.73684211,100,10.09174312,50,0,15.38461538,100,27.65957447,33.62068966,100,66.66666667,100,60,0,100,100
0,100,0,0,93.33333333,0,41.9047619,100,61.25,100,75,0,0,80,100,100
0,100,0,0,5.660377358,0,24.76190476,48.64864865,63.85542169,100,100,0,60,100,100,100
22.72727273,100,77.77777778,28.71287129,77.5,20,74.11764706,19.75308642,0,100,38.27160494,0,0,100,100,100
39.13043478,100,0,0,71.42857143,0,75,100,0,100,100,0,60,100,100,100
0,100,0,16.66666667,0,0,41.2371134,100,3.603603604,100,37.5,100,0,100,100,100
0,100,26.4957265,77.21518987,0,74.71264368,100,100,0,100,100,100,100,100,100,100
0,100,0,0,95.45454545,0,69.29824561,58.69565217,0,100,100,83.33333333,60,75,100,100
50,100,33.03571429,2.803738318,0,0,100,100,87.5,100,100,100,50,100,100,100
0,100,0,0,45.12195122,0,100,100,29.8245614,100,100,100,60,0,100,100
0,100,88.88888889,5.555555556,0,0,100,100,0,100,100,100,60,0,100,100
0,100,0,0,0,0,100,100,48.14814815,100,62.83185841,100,0,0,100,100
0,100,0,64.28571429,0,0,66.66666667,0,0,100,100,100,60,100,100,100
0,100,0,0,68.6746988,0,100,0,0,100,100,100,85.71428571,100,100,100
59.21052632,100,0,0,0,0,100,38.1443299,74.72527473,100,66.66666667,0,66.66666667,0,100,100
0,100,54.54545455,66.66666667,0,0,100,100,0,100,100,100,66.66666667,100,100,100
59.40594059,100,0,0,0,0,100,100,0,100,100,100,66.66666667,0,100,100
0,100,82.82828283,0,0,63.01369863,100,100,0,100,100,100,66.66666667,100,100,100
0,100,0,0,0,0,71.42857143,81.1965812,37.5,100,85.8490566,100,66.66666667,0,100,100
0,100,94.73684211,53,0,0,61.53846154,77.27272727,70.83333333,100,63.7254902,0,100,0,100,100
0,100,0,0,0,37.62376238,68.08510638,100,0,100,100,100,0,95,100,100
0,100,0,69.09090909,77.55102041,36.9047619,62.5,100,0,100,75,85.71428571,50,80,0,100
0,100,62.39316239,0,0,77.38095238,100,100,42.85714286,100,100,100,0,100,100,100
87.5,100,0,0,0,0,100,10.1010101,8.988764045,100,100,0,75,100,100,100
0,100,0,0,10.78431373,0,63.63636364,100,0,100,48.10126582,100,71.42857143,87.5,100,100
33.33333333,100,0,0,0,93.57798165,100,100,0,100,100,80,85.71428571,50,100,100
83.33333333,100,0,0,0,0,100,100,57.14285714,100,100,100,0,100,100,100
0,100,9.009009009,0,78.18181818,0,100,66.66666667,62.5,100,100,100,87.5,80,100,100
0,100,0,0,66.08695652,0,36.66666667,100,26.12612613,100,71.42857143,100,0,0,50,100
0,100,0,86.58536585,30.37974684,0,76.19047619,24.50980392,0,100,100,100,60,100,100,100
0,100,0,0,0,0,100,100,0,100,100,100,0,100,100,100
0,100,78.20512821,0,0,0,100,100,10.52631579,100,0,50,60,87.5,100,100
0,100,0,91.66666667,49.31506849,0,72.22222222,63,0,100,71.2962963,100,60,0,6.896551724,100
54.21686747,100,34.09090909,0,81.81818182,0,45.13274336,49.01960784,75,100,100,100,100,0,100,100
22.07792208,100,0,0,0,0,100,46.66666667,0,100,100,100,0,83.33333333,50,100
0,100,0,0,0,0,100,100,0,100,100,0,71.42857143,100,100,100
0,100,0,58.75,0,70.65217391,100,100,0,100,100,100,85.71428571,100,100,100
0,100,0,0,0,14.28571429,100,100,87.5,100,100,100,75,100,100,100
0,100,11.42857143,0,92.30769231,0,32.38095238,69.79166667,91.30434783,100,100,100,71.42857143,100,100,100
0,100,0,0,37.5,13.33333333,50,50,43.36283186,100,100,80,66.66666667,100,100,100
92.85714286,100,0,78.94736842,73.5042735,64.21052632,100,100,57.44680851,100,100,100,50,100,100,100
0,100,0,94.87179487,0,72.80701754,100,100,0,100,100,100,0,0,100,100
0,100,0,0,33.33333333,0,100,0,0,100,100,0,0,100,100,100
0,100,0,0,79.62962963,75,33.33333333,100,62.65060241,100,38.18181818,100,66.66666667,0,100,100
0,100,0,0,0,27.92792793,100,0,56.48148148,100,0,100,0,100,100,100
97.97979798,100,96.66666667,0,0,96.96969697,100,100,0,100,100,100,100,96.55172414,100,100
0,100,0,0,66.23376623,63.15789474,21.91780822,100,17.70833333,100,49.41176471,0,60,0,100,100
0,100,0,0,0,0,100,100,38.20224719,100,100,100,60,100,100,100
0,100,0,86.95652174,64.19753086,0,100,100,82.79569892,100,100,100,0,100,100,100
0,100,0,0,0,0,100,100,0,100,100,100,0,0,100,100
0,100,0,0,56.98924731,9.803921569,43.24324324,100,0,100,100,87.5,60,100,100,100
28.57142857,100,0,25,92.30769231,40,100,0,0,100,100,100,0,100,100,100
0,100,0,0,0,49.48453608,100,100,57.14285714,100,100,87.5,66.66666667,100,100,100
0,100,0,0,92.23300971,0,100,100,0,100,79.43925234,100,87.5,50,100,100
0,100,0,8.333333333,0,0,100,100,29.16666667,100,66.66666667,100,100,87.5,100,100
0,100,0,45.71428571,0,0,100,32.43243243,79.6460177,100,100,100,0,100,100,100
7.692307692,100,66.66666667,37.39130435,22.22222222,0,66.66666667,100,50,100,100,100,60,0,100,100
86.84210526,100,0,0,0,0,40,100,0,100,100,66.66666667,60,100,100,100
